age,income,credit_score,debt_ratio,num_loans,employed,approved
24,114096,688,0.757,0,0,0
55,63205,724,0.169,3,1,1
49,60412,843,0.161,0,0,1
40,95669,759,0.206,0,1,1
40,115122,558,0.335,2,0,1
58,82607,493,0.484,4,0,0
24,51923,714,0.439,0,1,1
51,50598,684,0.376,2,1,0
29,49427,821,0.429,4,0,0
25,43874,693,0.246,3,1,0
44,84633,665,0.313,4,1,1
63,120755,592,0.347,1,1,1
53,81069,511,0.112,5,1,1
54,36924,804,0.176,0,0,1
52,76190,785,0.182,3,1,1
55,76940,540,0.465,2,1,0
43,169627,740,0.387,0,1,1
26,48911,614,0.442,5,1,1
57,71041,641,0.074,4,1,1
40,147976,794,0.127,1,1,1
43,95344,791,0.449,0,1,1
37,99202,550,0.0,4,1,1
29,84784,593,0.534,3,1,0
61,91421,783,0.077,0,1,1
55,106929,819,0.477,5,0,0
49,61355,509,0.217,4,0,1
38,110755,788,0.507,2,1,0
57,50373,661,0.831,1,0,1
44,91371,698,0.009,1,1,1
40,86709,507,0.454,2,1,0
40,65647,731,0.079,0,0,1
30,80807,730,0.414,2,0,1
25,65504,725,0.319,1,0,1
45,55975,772,0.369,0,0,1
60,71969,830,0.213,0,1,0
23,55346,794,0.467,2,1,1
58,91193,755,0.133,2,0,1
57,54460,843,0.536,2,0,1
33,104501,729,0.289,4,0,1
48,53865,728,0.14,3,1,1
28,66806,680,0.589,1,1,0
54,65457,764,0.34,5,0,0
51,129516,506,0.636,4,1,0
36,91433,667,0.533,2,0,0
23,75633,637,0.23,0,1,1
63,96985,817,0.337,5,0,1
40,38958,506,0.368,4,1,0
60,80230,718,0.579,2,1,1
50,163879,548,0.416,0,0,0
55,85313,806,0.376,0,1,0
54,83410,795,0.32,1,1,1
29,98676,567,0.342,1,0,0
37,111437,802,0.546,1,0,1
41,40483,663,0.351,2,0,1
42,45204,839,0.291,0,1,1
22,87672,750,0.265,1,0,1
45,63421,492,0.267,5,0,1
27,128922,555,0.14,5,1,0
53,72944,629,0.237,0,1,1
51,41385,558,0.575,4,1,0
61,52258,528,0.319,5,0,1
53,31113,841,0.456,3,1,1
37,75043,801,0.0,2,0,1
63,76254,640,0.435,2,0,0
39,70206,559,0.326,1,1,1
35,118820,547,0.278,2,1,1
60,123901,818,0.377,5,1,0
37,76735,602,0.276,3,0,1
24,38585,484,0.031,2,1,0
41,101094,627,0.488,0,0,0
56,98926,648,0.386,5,0,0
29,90766,710,0.303,0,0,1
41,114837,605,0.205,4,1,1
26,54180,821,0.13,1,0,1
51,164525,718,0.384,1,1,1
41,58218,845,0.592,1,0,1
35,105872,615,0.38,2,1,1
30,45125,721,0.143,4,1,1
45,58816,615,0.384,2,1,1
50,138480,738,0.342,0,0,1
62,74343,755,0.48,1,0,0
40,109287,599,0.441,0,1,0
28,88494,826,0.0,2,0,1
57,78513,797,0.432,5,1,1
48,131282,810,0.199,5,0,1
51,74976,560,0.137,5,1,0
25,43674,745,0.322,0,0,0
34,61489,519,0.412,2,0,0
54,98782,519,0.104,0,0,1
57,93544,840,0.456,2,1,0
40,47065,536,0.465,3,1,0
56,63211,799,0.357,4,0,1
58,66447,639,0.22,2,0,1
38,71671,592,0.203,0,0,1
60,50321,507,0.504,2,1,0
33,65370,729,0.123,2,0,1
31,63117,746,0.51,3,0,0
51,106702,652,0.325,0,1,1
49,108115,779,0.336,3,1,1
27,77398,599,0.094,2,1,1
57,71008,684,0.328,4,1,1
29,85539,586,0.442,5,1,0
56,61203,695,0.15,1,1,1
21,54522,530,0.425,4,1,0
56,58611,656,0.363,0,1,1
55,65223,683,0.253,5,1,0
55,54206,685,0.478,2,0,0
50,86204,645,0.02,4,1,1
41,105151,718,0.402,4,1,1
52,46736,669,0.593,3,1,0
33,82170,584,0.566,2,1,0
55,75416,559,0.408,4,0,0
45,91792,719,0.305,2,0,1
41,81083,827,0.255,3,1,1
43,48972,758,0.305,3,1,1
46,52361,716,0.432,2,1,1
22,82294,820,0.229,0,1,1
27,116754,812,0.464,1,1,1
31,37526,667,0.67,5,0,0
26,91928,520,0.341,3,0,0
40,123516,714,0.148,3,1,1
50,77203,710,0.148,1,0,1
49,98748,582,0.466,4,0,0
41,63684,794,0.341,2,1,1
58,78118,801,0.482,1,1,1
45,46186,602,0.27,0,0,1
24,35855,656,0.475,2,0,0
54,113292,552,0.326,3,0,1
46,57700,545,0.24,1,0,0
48,69447,578,0.29,1,1,1
45,50136,615,0.17,1,0,1
45,49725,580,0.648,1,1,0
24,76643,536,0.336,4,0,1
45,63095,645,0.447,2,1,0
55,92971,710,0.269,2,0,1
34,95430,600,0.192,0,1,1
47,91131,677,0.315,3,1,1
22,88545,580,0.515,5,0,0
36,141489,740,0.272,4,0,1
40,56055,719,0.219,2,0,1
64,79900,835,0.373,1,0,1
30,121079,499,0.425,2,1,0
33,126797,795,0.596,0,1,1
38,49520,605,0.403,0,0,0
64,73016,504,0.447,4,0,0
58,131019,735,0.458,5,1,1
22,97303,543,0.177,5,1,0
31,87212,545,0.206,3,1,1
57,75476,842,0.187,5,1,0
23,71213,561,0.15,2,1,0
58,90096,682,0.469,1,1,1
33,74565,554,0.394,1,1,1
61,80246,525,0.362,1,0,1
33,83723,480,0.0,4,1,1
40,64243,485,0.658,0,0,0
50,98125,655,0.216,5,1,0
26,225876,640,0.658,4,1,0
45,43731,494,0.133,2,0,0
43,91232,609,0.228,4,0,1
55,62423,580,0.02,0,0,1
64,99693,691,0.404,2,1,0
50,82789,848,0.185,0,0,1
39,106341,735,0.189,0,0,1
38,122907,819,0.144,0,1,0
39,87125,551,0.467,4,1,1
56,121052,559,0.457,4,0,0
35,35855,757,0.622,5,0,1
28,142118,594,0.247,5,1,1
35,92877,794,0.383,5,1,1
21,118777,651,0.157,5,1,0
25,53146,554,0.3,0,0,0
24,60900,792,0.272,4,0,0
54,85719,683,0.42,4,0,0
52,80967,776,0.503,0,1,1
51,89934,647,0.499,0,0,0
41,119054,526,0.224,5,0,1
52,43911,731,0.5,5,0,1
28,114530,526,0.343,1,0,0
60,81687,725,0.301,0,1,1
43,75844,634,0.244,2,0,1
62,48672,772,0.266,0,1,1
27,97132,801,0.611,4,0,0
42,34990,630,0.396,2,0,0
51,102201,806,0.376,0,1,1
42,48316,521,0.311,5,1,0
40,82989,519,0.717,4,1,0
28,78123,847,0.546,5,0,0
37,122650,692,0.242,5,1,1
31,76514,646,0.309,0,0,1
34,63883,537,0.318,4,1,1
51,68217,586,0.372,4,0,1
48,127168,733,0.245,4,1,1
47,98269,784,0.416,1,0,1
36,71167,819,0.568,2,1,1
63,74982,630,0.153,5,0,1
24,47063,648,0.181,0,1,1
36,93314,540,0.278,3,1,1
26,43994,510,0.284,4,0,0
35,105967,642,0.65,4,0,0
63,85201,694,0.5,3,1,0
37,187810,518,0.492,4,1,0
60,55421,631,0.31,5,1,1
42,78576,717,0.307,4,1,1
51,152841,780,0.132,0,0,1
41,123592,827,0.467,1,0,1
32,63837,605,0.424,1,0,0
54,88093,624,0.543,2,0,0
63,81508,803,0.318,2,0,1
32,89899,736,0.329,1,1,0
55,63781,581,0.376,4,0,1
32,78944,733,0.484,0,0,0
52,46557,538,0.129,4,1,0
55,85395,646,0.46,3,1,0
40,95346,593,0.347,5,0,1
53,75219,847,0.191,0,1,1
32,46281,492,0.037,1,1,0
24,115121,797,0.33,5,1,1
25,92535,584,0.567,2,1,0
40,63174,493,0.601,3,1,0
60,73832,724,0.403,0,0,1
26,48171,730,0.644,4,1,0
41,56889,532,0.344,1,1,1
51,67476,494,0.493,5,1,0
29,125204,521,0.282,2,1,0
52,65116,631,0.273,1,1,1
34,101908,528,0.248,3,1,1
56,67464,740,0.041,2,0,0
46,88835,508,0.543,2,0,1
45,77518,771,0.254,5,0,1
28,110561,803,0.23,2,1,1
41,67546,745,0.173,2,1,1
58,46975,829,0.319,3,0,0
21,50215,827,0.615,1,0,0
54,67616,497,0.664,4,0,0
42,52606,606,0.101,1,0,1
52,94026,761,0.297,1,0,1
50,69199,605,0.195,0,0,1
40,187001,752,0.498,2,0,0
34,44336,766,0.393,3,1,1
48,87468,848,0.255,4,1,1
27,54884,602,0.361,5,1,1
46,68533,608,0.278,4,0,1
25,85584,488,0.592,1,1,1
49,36094,585,0.432,4,1,0
48,88490,583,0.45,1,1,0
24,158542,647,0.0,1,0,0
54,69498,635,0.34,2,1,1
39,89205,796,0.662,3,1,0
55,116597,766,0.549,1,1,1
22,76908,749,0.073,5,0,0
28,66464,481,0.303,1,1,1
42,36726,654,0.17,2,1,0
29,101936,749,0.607,3,0,1
35,78288,570,0.387,2,1,1
50,57143,637,0.235,2,1,0
27,85141,748,0.355,5,0,0
50,66401,773,0.0,2,1,1
25,67698,796,0.187,0,1,1
28,100706,639,0.355,4,0,1
46,50987,627,0.477,4,0,0
55,117514,621,0.059,1,1,1
28,49939,727,0.293,5,1,1
34,64590,635,0.501,2,0,0
61,159658,628,0.132,0,1,1
64,120853,542,0.384,1,0,1
46,84281,657,0.36,4,0,1
40,58605,567,0.607,1,1,0
36,67678,674,0.315,2,0,1
47,83567,808,0.324,4,1,1
47,82528,767,0.478,5,0,0
33,78901,656,0.151,2,1,1
22,80577,841,0.317,5,1,0
27,75563,842,0.282,1,0,0
63,49171,644,0.329,5,1,0
39,67981,762,0.477,1,0,1
42,112182,606,0.433,0,0,0
41,50455,805,0.238,4,0,1
55,76222,618,0.371,4,0,0
23,61135,575,0.574,5,0,0
24,84688,529,0.225,5,0,0
33,71092,791,0.372,0,1,0
42,136604,589,0.321,3,1,1
50,97252,780,0.341,4,1,0
42,51463,511,0.105,3,0,0
40,103021,665,0.562,0,0,1
62,62108,638,0.234,0,0,1
28,66557,642,0.504,4,1,0
46,90907,541,0.257,5,1,1
44,68572,507,0.256,1,0,1
41,111330,608,0.532,0,0,0
56,62111,653,0.499,2,0,1
32,65586,773,0.381,1,1,1
62,64733,651,0.464,5,0,1
35,66822,570,0.307,5,0,1
44,119667,577,0.349,3,1,1
43,101502,706,0.251,5,0,0
58,148188,641,0.486,1,1,1
40,180129,813,0.246,5,1,1
33,56784,642,0.573,2,1,0
21,83483,689,0.303,2,0,1
37,53965,503,0.353,0,1,0
57,62044,551,0.464,1,0,0
21,65331,794,0.354,1,1,1
60,56261,607,0.305,2,1,1
44,56364,635,0.345,1,1,1
27,77440,698,0.484,0,1,0
34,53205,501,0.251,3,1,1
45,109371,667,0.331,5,1,1
34,59074,608,0.352,0,0,0
25,217750,534,0.48,3,0,0
50,69548,634,0.335,5,0,1
50,83530,645,0.621,2,0,0
26,51761,548,0.327,1,1,1
33,147988,680,0.314,0,0,1
31,120521,756,0.324,5,0,1
50,90371,578,0.153,2,1,1
53,50837,837,0.194,0,0,1
52,87683,706,0.27,5,1,1
62,55009,766,0.52,4,1,0
54,135887,505,0.345,4,1,1
35,108117,763,0.277,0,1,1
25,84218,604,0.534,0,1,0
48,34718,742,0.583,1,0,0
61,57732,777,0.538,0,0,1
63,103619,572,0.222,3,0,1
31,124525,575,0.276,2,1,1
31,120086,502,0.622,4,1,0
22,46656,703,0.386,0,0,0
27,90518,766,0.31,4,0,1
45,116214,631,0.458,5,0,0
45,45585,539,0.501,0,0,0
37,81226,597,0.264,3,1,1
34,89644,629,0.383,3,0,0
57,73313,818,0.489,0,1,1
41,42595,525,0.176,1,0,1
56,72676,607,0.352,4,0,1
63,72635,716,0.183,5,1,1
34,77337,567,0.202,2,0,1
29,66872,807,0.266,0,0,1
62,69752,816,0.422,1,1,1
48,80327,620,0.302,5,0,1
33,95093,755,0.253,3,0,1
48,73219,759,0.358,2,0,0
43,70571,732,0.178,0,1,1
60,84127,548,0.414,4,1,0
32,41583,498,0.52,2,1,0
64,96251,608,0.338,3,0,1
62,81435,528,0.32,5,0,1
28,82590,588,0.406,3,0,0
28,114007,716,0.046,5,0,1
44,41121,697,0.431,3,1,0
22,40819,557,0.815,2,0,0
34,89643,486,0.332,5,1,1
40,81248,563,0.332,3,1,1
63,86450,648,0.462,4,1,0
64,69287,768,0.597,1,0,0
27,102773,615,0.496,4,0,0
60,112891,585,0.027,3,1,1
25,96486,683,0.435,0,1,1
53,74345,506,0.736,1,0,0
58,38951,563,0.443,5,0,0
60,106616,493,0.177,3,1,1
30,124911,674,0.392,4,1,0
60,102064,643,0.158,1,0,1
26,59867,695,0.535,1,1,1
43,103113,708,0.207,5,0,1
41,110078,626,0.361,2,1,1
34,140553,801,0.221,5,1,1
21,59941,819,0.268,4,0,1
54,75244,520,0.573,2,1,0
35,105799,820,0.366,5,0,0
50,83104,552,0.266,4,0,1
39,55088,571,0.178,0,1,1
37,94171,676,0.069,0,0,1
59,99736,490,0.162,0,1,1
25,83997,614,0.367,4,1,0
53,87958,551,0.497,0,1,0
53,74400,658,0.266,1,0,1
37,136647,781,0.586,2,0,1
32,59428,821,0.242,0,0,1
21,66316,558,0.314,1,1,1
62,81765,681,0.188,4,0,1
62,110790,655,0.499,5,1,0
31,48227,633,0.665,2,0,0
22,51490,714,0.086,4,0,1
26,39917,846,0.298,3,1,1
23,82388,629,0.54,2,1,0
57,55069,504,0.133,3,1,1
60,71194,818,0.435,5,0,1
27,102666,824,0.533,0,1,0
53,65070,599,0.362,3,1,1
28,88318,665,0.433,0,1,0
37,73349,799,0.614,5,1,1
47,103053,666,0.642,3,0,0
52,96187,658,0.341,0,0,1
59,63932,821,0.27,3,1,1
22,76782,786,0.212,2,0,1
29,117368,667,0.497,0,0,0
33,93474,539,0.144,5,0,1
34,49952,642,0.312,2,0,1
64,102459,730,0.365,0,0,1
55,55723,580,0.275,3,1,1
35,133537,678,0.392,2,1,0
63,116563,723,0.735,3,0,1
42,90149,511,0.332,0,0,1
43,86059,690,0.285,4,0,1
40,75705,752,0.502,2,1,0
27,103284,559,0.386,2,0,1
62,71538,682,0.566,4,0,0
21,88451,742,0.375,3,1,1
28,110518,496,0.313,0,1,1
31,66911,718,0.082,3,0,1
33,65650,576,0.107,3,1,1
26,53623,627,0.075,1,1,0
21,56117,719,0.407,1,0,1
50,42951,481,0.146,0,1,1
63,105155,486,0.538,5,0,0
26,153411,645,0.355,0,1,1
34,134137,831,0.313,3,0,1
43,46103,482,0.223,5,0,0
61,104973,771,0.443,2,1,1
51,133986,507,0.229,1,1,0
54,69416,660,0.202,4,0,1
46,84395,639,0.528,3,0,0
39,40336,653,0.403,0,1,0
29,89421,510,0.315,3,1,0
59,56135,758,0.446,0,1,1
56,87346,581,0.351,2,1,1
22,47162,765,0.407,1,0,1
52,98494,722,0.227,5,0,1
24,116580,683,0.661,5,1,0
53,61923,594,0.263,4,1,1
57,54712,721,0.583,4,0,1
26,38298,849,0.322,0,1,1
40,74199,821,0.471,0,0,1
26,66449,819,0.46,4,0,0
45,47330,561,0.522,2,0,0
61,95446,696,0.224,3,0,1
24,69582,627,0.511,4,0,0
38,55896,837,0.627,2,1,0
63,67081,831,0.311,4,0,1
34,118505,801,0.355,4,1,0
26,100587,540,0.271,1,1,1
42,77827,597,0.298,4,1,1
43,101158,743,0.607,1,0,0
50,54254,757,0.199,1,0,1
34,82379,609,0.209,4,0,1
63,85761,530,0.592,5,1,0
43,69100,530,0.444,0,0,0
33,94861,733,0.668,3,1,0
63,61982,648,0.282,3,1,1
61,97362,661,0.369,3,1,0
42,98805,781,0.251,4,0,1
22,29341,486,0.371,0,0,1
47,123545,759,0.084,4,1,1
45,28031,581,0.453,1,0,0
27,65653,824,0.399,0,0,0
48,116614,833,0.341,2,1,1
57,72890,665,0.291,0,1,1
25,48756,596,0.216,3,0,0
52,55545,566,0.459,3,0,0
27,116678,547,0.174,3,0,0
53,41574,849,0.427,0,0,0
39,120922,549,0.661,4,1,0
21,79895,645,0.573,0,1,1
63,53660,657,0.124,1,0,0
28,66414,731,0.269,2,0,1
47,57052,791,0.413,4,0,0
28,110297,686,0.339,2,0,0
62,105251,760,0.14,4,0,1
53,44625,689,0.408,5,0,0
56,70721,641,0.348,4,1,1
40,60213,538,0.637,0,1,0
41,128089,557,0.312,4,1,1
48,50778,639,0.525,1,1,0
55,142805,497,0.16,5,0,1
58,80507,597,0.196,5,1,1
21,54235,651,0.458,0,0,0
50,64261,654,0.513,0,1,1
25,61524,781,0.206,4,1,1
33,52137,838,0.354,0,1,1
57,84200,749,0.143,5,0,1
32,52997,509,0.323,3,1,0
56,37973,631,0.476,3,1,0
41,71315,750,0.285,5,0,1
31,43337,700,0.313,1,1,1
35,62599,649,0.181,3,0,0
44,59253,641,0.253,5,0,0
54,60044,630,0.614,0,1,0
47,164077,694,0.361,1,0,0
62,83075,546,0.2,0,0,1
59,88755,671,0.303,2,0,0
54,43740,556,0.11,0,0,0
47,64788,731,0.198,1,1,1
33,87826,799,0.554,5,1,1
39,56907,667,0.329,2,0,1
26,111924,623,0.634,2,0,0
37,53467,828,0.336,2,1,1
61,73683,724,0.345,5,1,1
39,66346,638,0.446,2,1,0
26,86273,490,0.0,2,1,1
49,65094,485,0.381,5,1,1
63,74083,561,0.343,0,0,1
59,74990,567,0.573,2,1,1
33,62989,746,0.495,4,1,0
40,96523,665,0.18,3,0,1
44,88538,849,0.536,5,0,1
31,78963,680,0.311,5,1,1
32,70059,814,0.214,2,1,1
31,107640,684,0.38,4,1,1
64,74998,612,0.32,1,0,1
53,73161,744,0.581,1,0,1
57,84491,646,0.401,5,1,0
56,147497,581,0.381,0,0,1
63,50952,655,0.485,2,1,0
25,106639,726,0.514,3,0,1
59,41988,618,0.468,2,0,0
23,87886,740,0.563,5,0,1
41,141356,842,0.441,1,1,1
47,96644,632,0.375,3,1,1
36,86463,589,0.536,0,0,0
27,66943,628,0.336,1,0,1
29,82341,790,0.355,1,0,1
57,74573,546,0.608,4,1,0
35,61862,840,0.593,1,1,1
34,73593,633,0.349,4,1,0
61,87307,791,0.282,2,0,1
27,62270,771,0.569,3,0,0
61,61424,769,0.47,5,0,1
61,50598,816,0.397,5,1,1
47,93387,548,0.302,0,0,1
28,98579,699,0.4,4,0,1
27,88330,516,0.347,5,1,1
33,114184,590,0.25,4,0,1
46,83995,495,0.369,1,1,1
27,93429,732,0.39,3,0,1
41,90590,704,0.294,3,1,1
26,78883,753,0.486,3,0,1
44,67641,545,0.543,2,1,0
21,176788,602,0.495,3,0,0
52,69534,730,0.309,3,0,1
23,64518,785,0.463,2,0,1
29,94813,807,0.362,4,1,1
28,88957,507,0.165,4,0,1
57,49815,628,0.451,1,0,0
23,120655,483,0.372,3,0,1
39,78809,782,0.739,4,1,1
47,55212,525,0.569,2,1,0
43,123479,784,0.457,4,1,1
50,101391,537,0.387,0,0,1
56,52322,485,0.375,2,1,0
38,151717,805,0.199,4,1,1
57,102573,642,0.089,5,1,1
34,81161,637,0.219,3,1,1
64,142106,719,0.343,3,0,1
43,86121,581,0.034,2,1,1
53,80654,735,0.268,4,0,1
59,64644,638,0.313,2,1,1
55,99848,580,0.318,0,0,1
58,96237,626,0.251,1,1,0
44,81870,482,0.299,3,1,1
22,61775,591,0.609,5,1,0
42,85240,698,0.449,2,1,0
28,79485,531,0.266,5,1,0
60,51074,523,0.34,4,0,0
31,48660,722,0.346,3,1,1
31,99266,638,0.235,4,1,1
31,32764,530,0.235,2,0,0
49,87522,756,0.502,2,1,0
46,68901,766,0.287,4,1,1
62,128752,492,0.186,3,1,1
39,68531,554,0.344,3,1,1
33,102598,617,0.368,2,0,0
23,70887,750,0.054,5,0,1
21,84759,507,0.344,0,0,1
37,105414,778,0.48,0,1,1
61,69276,598,0.418,2,1,0
44,115445,526,0.684,0,1,0
60,57524,799,0.538,2,0,1
25,90297,512,0.567,3,1,0
25,112497,527,0.77,2,0,0
57,102618,831,0.464,1,0,1
25,159295,672,0.374,1,1,1
23,62352,651,0.496,3,0,0
38,50264,734,0.266,5,1,1
61,57511,713,0.366,4,0,1
51,102633,707,0.253,3,0,1
25,96958,488,0.41,0,1,1
57,84419,684,0.252,1,1,1
58,54980,583,0.247,2,1,1
56,106528,778,0.412,1,0,0
60,53056,666,0.329,4,1,1
31,122197,525,0.061,2,1,1
64,221429,807,0.132,5,0,1
35,92597,585,0.178,1,0,1
56,99892,580,0.218,2,0,1
46,68546,826,0.412,4,1,0
55,43225,766,0.383,1,1,0
48,65960,798,0.51,4,1,1
49,55561,725,0.463,3,1,1
48,49085,816,0.511,3,0,0
55,148833,522,0.441,2,1,0
53,89613,701,0.381,5,1,0
26,93027,588,0.515,4,0,0
57,73101,627,0.488,1,1,0
44,76669,568,0.406,3,0,0
35,114159,555,0.541,5,1,0
43,80534,643,0.0,1,1,1
63,98076,819,0.306,3,1,1
58,76051,715,0.304,4,1,1
57,72258,609,0.523,1,1,0
41,49778,640,0.586,3,0,0
55,40764,676,0.132,3,0,1
37,74325,570,0.562,1,1,0
51,83077,672,0.174,1,0,1
49,51928,737,0.179,3,1,1
31,80474,569,0.315,1,0,1
32,82998,696,0.302,5,1,1
23,38298,742,0.116,3,1,1
27,59128,672,0.447,4,0,0
40,93929,588,0.452,2,1,0
42,93267,685,0.508,1,0,0
28,54392,773,0.285,2,0,0
39,86095,562,0.344,4,1,1
47,116494,692,0.345,2,0,1
31,106909,731,0.603,1,1,1
35,78779,598,0.0,0,1,1
37,69145,623,0.206,3,1,1
43,65348,808,0.351,4,1,1
37,95941,614,0.187,3,1,1
53,87207,701,0.311,1,0,1
35,101524,535,0.331,1,0,1
40,85298,822,0.251,2,0,1
37,108480,700,0.36,2,0,1
29,84193,761,0.444,1,0,1
51,107194,702,0.315,5,0,1
31,110475,611,0.282,1,1,1
34,61462,605,0.325,1,1,1
55,43257,739,0.349,3,1,1
62,139801,798,0.089,4,0,1
50,89106,527,0.419,2,1,1
61,44698,792,0.282,4,1,1
58,63444,787,0.539,0,0,1
42,106714,520,0.439,3,1,0
54,73856,520,0.526,0,1,1
35,68086,737,0.198,0,1,1
41,132995,791,0.294,3,0,1
44,56455,625,0.164,1,1,1
63,61599,717,0.244,0,1,1
58,87706,849,0.538,1,1,1
42,93378,599,0.573,4,0,0
49,96904,563,0.178,3,0,1
29,112049,846,0.281,2,0,1
56,87313,583,0.339,5,1,1
45,96668,654,0.438,2,0,0
44,74387,643,0.086,5,0,1
54,83258,673,0.11,2,1,1
48,84575,579,0.423,0,0,0
24,87820,731,0.058,0,1,1
33,106739,736,0.283,1,1,1
28,98919,554,0.374,1,0,1
53,82721,657,0.412,0,1,1
22,61363,501,0.329,2,1,0
29,83403,561,0.295,5,1,0
47,80656,845,0.477,1,1,1
51,87148,667,0.393,1,0,1
43,176317,710,0.253,5,1,1
58,67808,808,0.356,1,1,0
61,94425,744,0.407,4,1,0
26,118387,773,0.608,3,1,1
62,84293,743,0.468,5,1,1
48,184610,664,0.532,3,1,0
48,71356,714,0.258,3,0,1
25,91234,586,0.271,1,0,0
48,61585,809,0.315,3,0,1
52,72022,546,0.328,4,1,0
46,88866,807,0.199,5,0,1
24,109531,805,0.54,0,1,1
44,91075,532,0.483,0,1,0
62,126557,742,0.304,0,1,1
52,78788,846,0.446,4,1,1
27,72511,691,0.383,0,0,1
63,209850,605,0.458,5,0,0
63,93502,805,0.148,2,1,0
28,63319,669,0.328,1,0,0
56,63880,525,0.341,5,0,1
38,58561,572,0.444,4,1,0
47,113047,732,0.256,3,0,1
40,71698,648,0.0,5,1,1
55,85164,560,0.188,4,0,1
64,79660,775,0.341,3,0,1
55,105217,524,0.36,1,1,1
61,60560,561,0.603,5,1,0
62,55899,652,0.437,4,1,0
24,88103,494,0.362,5,0,1
32,100518,623,0.345,5,0,1
52,91504,816,0.516,3,1,1
46,61356,828,0.261,2,0,1
23,103247,802,0.329,5,0,1
25,62781,599,0.187,5,0,1
43,67861,504,0.563,0,1,1
48,58534,781,0.409,3,0,1
28,128433,618,0.244,3,0,1
28,101666,757,0.333,4,1,0
26,100660,524,0.426,5,1,0
45,126031,727,0.312,1,0,1
21,217985,696,0.27,5,0,0
46,44780,820,0.252,3,0,1
41,62901,517,0.401,0,0,0
41,65650,630,0.296,3,1,1
50,60474,846,0.282,0,0,1
43,55860,624,0.15,5,0,1
53,73341,723,0.362,4,0,1
54,53207,539,0.323,5,1,1
61,91585,749,0.302,3,1,1
56,82938,582,0.38,2,1,1
43,96386,691,0.462,2,1,0
42,97291,805,0.455,5,1,0
31,100590,724,0.433,0,1,0
47,71472,655,0.314,5,1,1
27,171126,550,0.265,2,1,1
61,88416,606,0.193,3,0,0
58,42442,794,0.261,4,0,1
26,57350,559,0.353,0,1,1
55,44293,722,0.232,0,0,1
26,81947,659,0.364,0,1,1
52,78051,598,0.205,4,1,1
24,69134,745,0.101,0,0,1
42,164650,613,0.473,3,0,0
49,98706,586,0.279,0,1,1
53,105018,675,0.224,4,0,1
39,58799,760,0.186,5,1,1
61,57415,799,0.413,2,0,0
55,82507,713,0.556,1,1,1
30,86535,724,0.29,2,0,1
50,42533,771,0.318,4,1,1
53,76470,579,0.511,4,1,0
35,81853,572,0.078,3,0,1
53,75543,659,0.645,3,1,0
60,61271,713,0.717,3,1,1
56,67435,719,0.0,1,0,1
54,76562,536,0.335,1,1,1
48,84081,768,0.242,5,1,1
32,100653,614,0.31,3,1,1
55,118902,804,0.287,5,0,1
37,73477,748,0.472,3,0,0
44,69432,843,0.333,2,0,1
34,94934,713,0.213,3,1,1
34,100866,675,0.324,4,1,1
27,69967,549,0.427,1,1,1
63,107408,627,0.172,2,1,1
27,114761,797,0.103,4,0,0
24,128008,621,0.649,0,0,0
62,151777,499,0.254,0,1,1
45,60145,570,0.329,0,1,1
40,81848,700,0.29,3,1,1
53,81773,712,0.432,1,1,1
37,78702,844,0.616,2,1,0
26,64894,825,0.437,0,1,1
53,48427,676,0.122,1,1,1
28,84136,685,0.142,0,1,1
45,62245,776,0.29,4,0,1
62,83940,497,0.31,2,1,1
62,61688,700,0.092,1,1,1
36,55430,655,0.473,3,0,0
55,88412,769,0.187,5,1,1
47,85869,776,0.574,4,1,1
42,99758,722,0.623,5,1,1
27,175047,723,0.313,2,1,0
37,89752,735,0.416,2,0,0
49,96523,694,0.165,1,0,0
64,55860,564,0.444,1,0,0
21,51914,585,0.275,5,1,0
52,141739,754,0.187,0,1,1
58,58955,708,0.307,5,1,1
62,56521,568,0.28,5,0,1
39,80344,804,0.301,5,0,1
26,78920,842,0.492,3,1,1
32,59390,711,0.232,5,1,1
58,73205,564,0.61,0,1,1
59,125246,827,0.151,4,1,1
49,61430,567,0.592,3,1,0
26,50010,640,0.198,5,1,0
26,113285,797,0.35,0,0,1
42,96767,672,0.276,5,1,1
46,65550,569,0.298,3,1,1
22,46817,509,0.47,0,1,0
51,62764,613,0.575,3,0,0
44,79906,728,0.529,0,1,1
21,122485,744,0.289,0,1,1
25,56667,562,0.378,3,0,0
40,79077,538,0.233,4,0,0
52,103162,739,0.201,0,0,1
57,35394,538,0.178,1,1,0
39,116959,503,0.284,2,0,1
33,53847,659,0.387,3,0,0
63,91487,691,0.063,0,0,1
41,88796,570,0.343,3,0,1
34,119057,558,0.577,2,1,0
40,98773,567,0.518,5,1,0
21,35444,606,0.262,1,1,0
34,61888,483,0.14,2,1,0
43,85488,484,0.419,0,0,0
61,76078,617,0.002,5,1,1
53,96271,487,0.517,5,0,0
55,107370,597,0.318,2,1,1
44,100782,694,0.625,2,0,0
25,75566,491,0.091,5,1,0
38,42682,708,0.488,1,0,1
64,69448,709,0.335,1,0,1
22,94229,692,0.3,1,0,0
59,55609,711,0.145,4,1,1
51,101590,779,0.439,1,0,1
33,111937,506,0.451,0,1,1
55,85149,542,0.618,0,0,0
57,27874,597,0.501,5,1,0
22,52074,734,0.261,5,0,0
25,157617,802,0.199,5,0,1
50,67270,819,0.145,1,0,1
64,40672,695,0.571,2,1,0
22,125504,631,0.233,2,0,1
50,81832,632,0.572,3,0,0
27,119909,502,0.429,0,1,1
49,89742,652,0.399,3,1,1
48,95631,669,0.304,0,1,1
24,92486,557,0.449,1,1,0
50,103972,764,0.348,1,1,1
60,180747,780,0.295,4,1,1
58,114417,591,0.454,5,1,0
22,46847,818,0.328,4,0,0
31,95233,519,0.23,2,0,1
31,121452,816,0.44,3,0,1
40,124082,764,0.34,3,1,1
27,70154,562,0.423,0,0,0
58,122453,720,0.282,5,1,1
55,112698,594,0.169,5,0,1
56,200413,775,0.61,1,0,1
29,62646,539,0.582,0,0,0
21,68198,570,0.483,0,0,0
61,73175,593,0.292,3,1,1
33,68609,553,0.305,0,0,1
49,59650,603,0.557,0,0,1
61,30971,702,0.297,3,0,1
22,69955,714,0.255,0,0,0
21,92691,684,0.631,0,1,0
21,68537,550,0.343,0,1,1
27,160354,554,0.615,4,0,0
23,81833,820,0.14,2,0,1
57,127978,572,0.428,1,0,0
47,89255,518,0.661,3,0,0
64,108771,647,0.354,1,1,1
56,89813,482,0.31,3,1,1
63,131509,606,0.175,2,0,1
31,83061,796,0.512,4,0,0
33,96896,578,0.234,3,0,1
58,92593,740,0.336,4,0,1
31,73634,661,0.165,1,0,1
23,93854,611,0.584,0,1,0
50,178045,724,0.523,3,0,1
56,74096,700,0.345,0,0,1
63,94331,597,0.177,2,1,1
61,126498,562,0.58,3,0,0
26,121400,819,0.295,4,0,1
54,81786,542,0.184,3,0,1
58,35368,835,0.086,5,0,1
51,97597,654,0.253,3,0,1
57,37457,848,0.132,2,0,1
57,136248,610,0.257,1,1,1
40,86428,689,0.462,4,1,0
22,115571,707,0.294,4,0,0
41,59398,605,0.403,1,0,0
29,47305,560,0.241,0,0,0
26,89234,672,0.36,0,1,1
26,80499,725,0.638,3,0,1
51,68577,576,0.298,3,1,1
43,83900,763,0.408,0,1,1
44,214563,716,0.115,0,0,1
53,109080,541,0.578,3,0,0
45,117604,827,0.278,2,0,1
48,109440,496,0.508,2,1,0
24,136703,721,0.332,1,0,1
58,76209,642,0.442,4,0,0
40,39679,721,0.451,4,1,1
27,76248,766,0.282,0,1,1
56,108214,734,0.514,0,0,1
53,58007,720,0.236,3,0,1
23,76575,791,0.467,3,1,1
29,63936,739,0.291,0,0,0
21,137787,781,0.402,0,1,1
32,105880,629,0.281,4,1,1
25,102313,555,0.357,2,0,1
52,101247,566,0.189,0,0,1
43,80396,706,0.387,3,1,1
64,87282,676,0.357,0,1,1
53,53795,508,0.269,1,0,0
47,37892,555,0.342,4,1,1
43,85844,837,0.37,1,1,1
23,91231,748,0.258,0,1,1
24,124368,759,0.331,5,1,1
48,141170,552,0.199,1,0,1
21,141104,503,0.702,3,1,0
22,57437,587,0.509,4,1,1
30,72003,797,0.391,5,0,0
59,96362,667,0.526,4,0,0
41,197585,770,0.053,2,1,1
52,136734,660,0.0,5,1,1
39,120517,661,0.29,0,0,0
28,71113,702,0.143,1,1,0
37,59792,834,0.315,1,1,1
25,107352,641,0.381,3,1,1
54,55410,700,0.488,5,1,0
29,74929,820,0.179,4,1,0
37,78244,617,0.41,5,0,0
64,142240,790,0.352,0,1,1
47,71942,677,0.402,4,1,0
41,34683,805,0.272,4,1,0
44,97179,653,0.557,2,1,0
55,63774,712,0.334,0,0,1
32,82675,599,0.616,0,1,0
49,79016,714,0.231,5,1,1
59,74010,600,0.461,1,1,1
46,107406,705,0.341,3,0,1
40,47632,771,0.301,5,0,1
27,67969,640,0.445,2,0,1
31,103484,638,0.305,1,1,1
62,65698,599,0.0,2,1,1
44,46382,750,0.0,1,0,1
34,102924,699,0.541,1,0,0
39,120673,671,0.535,4,1,0
46,80178,489,0.633,2,1,0
44,41005,520,0.347,4,1,0
51,104281,482,0.156,4,0,1
32,45560,794,0.287,3,1,1
49,90747,795,0.352,3,0,0
40,59703,505,0.199,1,1,0
62,54275,497,0.597,3,1,1
27,69779,769,0.686,4,1,0
27,76390,674,0.422,1,0,0
41,65009,594,0.348,1,1,1
43,100088,707,0.156,4,1,1
51,69677,567,0.582,5,1,0
38,114786,553,0.361,2,1,1
61,89874,615,0.307,4,1,1
41,63806,811,0.422,1,1,1
26,60155,763,0.262,3,0,0
26,45758,550,0.372,5,0,0
63,90175,687,0.134,2,0,0
26,71944,807,0.513,3,1,1
62,35507,832,0.334,0,0,1
33,67525,762,0.524,3,0,1
25,59420,527,0.32,3,1,0
34,141385,569,0.33,5,0,1
48,44882,560,0.168,1,0,0
39,49182,535,0.464,2,0,0
55,120120,544,0.219,3,0,1
47,130957,597,0.277,5,0,1
38,62756,685,0.35,1,1,1
48,65286,627,0.368,4,1,1
63,101057,635,0.094,5,1,1
39,36072,570,0.315,3,0,0
27,42461,535,0.469,2,1,0
38,73828,849,0.293,1,0,1
57,140115,701,0.316,1,0,1
30,69930,564,0.374,0,1,1
62,84380,779,0.331,0,0,1
46,121125,787,0.195,2,0,1
47,170274,837,0.345,0,0,1
34,66560,538,0.499,0,0,1
61,80972,716,0.192,4,1,1
22,154118,842,0.294,0,0,1
34,47810,778,0.143,0,0,1
39,116705,563,0.491,3,0,0
42,57031,810,0.336,5,1,1
41,84425,636,0.222,4,1,1
27,74820,660,0.364,0,1,1
30,58247,686,0.169,1,1,0
25,57738,765,0.195,4,0,1
46,89725,524,0.131,4,1,1
36,115404,679,0.19,2,0,1
45,77835,782,0.554,5,1,1
46,83474,682,0.24,5,1,1
51,99475,581,0.42,4,0,0
45,57970,500,0.225,4,0,0
49,105519,683,0.464,4,1,0
46,108502,740,0.196,0,0,0
49,202607,683,0.356,4,0,1
48,71405,842,0.358,5,0,0
34,69385,702,0.699,1,0,1
31,106606,668,0.445,0,0,0
55,108493,500,0.261,2,0,1
36,67540,686,0.453,1,0,0
45,70732,542,0.671,5,0,0
29,98435,748,0.106,2,1,1
39,60968,539,0.224,3,1,1
44,70549,815,0.314,5,1,1
48,84045,591,0.287,4,0,1
44,115420,640,0.3,4,0,1
36,65917,533,0.154,5,0,1
63,42741,557,0.561,4,1,0
43,41645,821,0.137,1,0,1
56,52416,584,0.32,4,0,0
53,51439,669,0.507,1,1,1
45,77160,843,0.345,1,0,0
60,53726,710,0.203,3,1,1
26,63691,495,0.148,1,0,1
61,62120,612,0.316,0,1,1
58,69813,623,0.236,5,1,1
43,129396,582,0.381,3,1,0
53,102687,569,0.14,4,1,1
43,81912,666,0.472,4,1,0
32,69314,619,0.367,3,0,0
56,69991,588,0.378,3,0,1
31,91351,632,0.566,4,0,1
34,99929,607,0.284,1,0,0
43,59284,564,0.241,4,1,1
57,82498,647,0.268,4,0,1
37,40002,828,0.321,1,0,1
42,87716,667,0.336,0,0,1
22,106352,701,0.225,5,0,0
26,73846,844,0.047,5,1,1
23,153820,707,0.266,5,0,0
24,59834,562,0.404,0,0,0
59,87892,627,0.37,5,1,0
58,80436,660,0.53,5,0,0
57,78641,655,0.643,4,0,0
23,78256,535,0.464,2,1,0
24,84562,519,0.557,3,1,1
33,109594,609,0.465,2,0,1
45,131922,818,0.606,0,1,1
35,81387,745,0.628,3,0,0
42,108349,791,0.493,1,0,1
28,63713,544,0.456,1,0,0
53,106494,633,0.319,0,1,1
34,62384,695,0.344,2,1,1
23,119311,640,0.299,0,1,1
53,176571,634,0.443,5,0,0
60,78044,613,0.242,5,0,1
21,37811,499,0.321,4,0,0
40,67234,797,0.0,1,0,1
57,125356,825,0.608,0,0,0
52,98847,509,0.317,3,1,1
58,88865,633,0.418,4,1,0
39,115935,671,0.569,0,1,1
37,96502,770,0.395,5,0,1
52,124737,845,0.567,2,0,1
27,112370,634,0.164,4,0,1
31,138739,757,0.71,0,1,0
47,92349,826,0.513,2,1,1
50,111814,787,0.381,2,0,0
26,73150,587,0.564,0,1,1
43,65989,782,0.175,4,1,1
37,148023,632,0.307,5,0,1
43,87854,486,0.567,3,0,0
63,107954,760,0.07,2,0,1
24,85056,789,0.434,3,1,1
64,66335,607,0.43,2,0,0
40,81765,646,0.645,2,0,0
54,134639,614,0.113,4,1,1
39,98922,523,0.591,3,0,0
34,44745,848,0.266,1,0,1
54,75540,488,0.283,2,1,1
51,151988,685,0.167,5,1,1
27,75578,485,0.187,3,1,1
52,43373,735,0.411,0,1,0
54,157996,813,0.183,5,1,1
38,103424,718,0.461,4,1,1
61,79479,704,0.251,1,1,1
49,71522,786,0.168,5,0,1
35,118964,840,0.271,5,0,1
21,67377,798,0.401,5,1,1
50,121740,565,0.308,2,0,1
30,98472,688,0.355,5,1,1
54,88734,782,0.454,4,0,1
44,85707,588,0.512,5,1,0
41,76613,729,0.303,3,1,1
28,117445,488,0.193,1,0,1
52,60167,804,0.361,1,0,0
28,46170,707,0.421,5,1,0
39,100993,754,0.131,3,1,1
57,101589,785,0.216,5,1,1
61,96359,560,0.242,3,1,1
64,93945,646,0.319,3,1,1
63,72807,797,0.236,0,1,1
45,107299,540,0.456,2,1,0
29,80162,784,0.109,3,0,1
57,68684,586,0.113,0,1,1
56,73028,692,0.3,0,1,1
64,165211,668,0.324,3,0,1
49,44379,734,0.132,1,1,1
27,97021,789,0.259,4,1,0
43,45255,609,0.29,2,0,1
40,78423,543,0.291,2,1,1
58,69981,636,0.373,0,1,1
38,39261,706,0.251,2,1,1
35,93332,757,0.572,3,0,1
24,71306,758,0.423,3,0,1
57,39067,605,0.229,1,1,0
54,109273,826,0.364,0,0,1
22,134593,510,0.369,5,0,1
40,137214,523,0.532,5,1,0
42,92355,489,0.26,5,0,1
41,82775,822,0.465,1,1,1
61,129652,546,0.356,3,1,1
27,146765,702,0.574,0,0,1
34,121116,780,0.544,5,0,0
28,58584,763,0.38,0,0,1
31,87398,831,0.311,2,0,1
60,94996,499,0.426,5,1,0
62,43234,630,0.323,4,0,1
22,95993,667,0.602,5,1,0
48,180467,737,0.362,2,1,1
31,101899,710,0.289,0,0,1
29,136414,687,0.281,0,1,1
33,86836,593,0.168,0,0,0
29,79390,519,0.433,0,0,0
42,93079,639,0.227,2,0,1
64,61219,576,0.515,0,1,1
46,58130,685,0.156,1,0,0
52,126876,774,0.369,2,1,1
42,131673,684,0.523,4,1,0
21,57576,695,0.027,4,0,0
24,114297,495,0.653,0,1,0
32,79009,718,0.286,5,0,1
31,91738,642,0.371,3,1,1
57,95686,525,0.436,2,0,0
58,115356,559,0.459,2,1,1
58,83843,768,0.391,5,0,0
49,133427,819,0.5,2,0,1
45,90767,667,0.428,1,0,0
49,101338,841,0.614,2,0,1
38,60847,546,0.428,0,0,0
50,173388,590,0.645,0,0,0
55,96009,824,0.485,1,0,1
54,104538,544,0.079,1,0,1
48,46392,723,0.742,2,1,1
23,61072,561,0.264,0,1,1
52,125620,602,0.574,3,0,0
37,90054,656,0.354,0,0,1
53,41686,613,0.509,1,1,0
44,117144,803,0.247,5,1,1
59,67335,839,0.444,0,1,1
35,133481,665,0.312,1,0,1
61,78985,674,0.587,3,0,0
58,87501,500,0.416,1,0,0
35,123055,566,0.49,1,0,0
42,59494,494,0.025,0,0,1
44,57541,796,0.337,2,0,1
54,76037,564,0.412,4,1,0
51,108800,606,0.384,3,1,1
58,51121,791,0.494,5,1,0
37,45431,743,0.295,4,1,1
43,108669,709,0.357,4,1,0
39,65954,494,0.527,2,1,0
61,71003,688,0.008,3,0,1
34,42526,687,0.438,3,0,0
46,64223,598,0.3,4,1,1
26,81235,755,0.213,3,1,0
58,112802,823,0.4,2,1,0
37,62182,575,0.534,0,1,0
35,145486,602,0.506,5,0,0
46,64098,599,0.33,2,0,1
42,64130,788,0.481,4,0,1
58,139501,508,0.48,4,0,0
44,87708,811,0.337,0,0,1
43,67141,766,0.246,3,1,1
25,77146,658,0.255,2,0,1
21,130788,695,0.476,1,0,0
38,136070,810,0.344,1,1,1
64,61198,764,0.193,3,1,1
61,80250,582,0.097,0,0,0
48,84062,498,0.475,3,0,0
48,57675,723,0.268,5,1,1
38,79879,533,0.4,0,1,1
28,81603,512,0.536,0,1,0
21,121398,843,0.154,0,1,1
35,124288,655,0.343,4,0,1
34,72586,720,0.324,5,0,1
29,75574,560,0.407,5,1,0
32,102771,517,0.536,0,1,0
22,66366,503,0.151,2,0,1
47,100085,611,0.435,0,1,0
61,78983,481,0.505,2,0,0
51,58016,635,0.322,1,0,1
40,58271,600,0.329,3,0,1
39,135162,674,0.413,5,0,0
34,77112,698,0.402,4,0,0
27,144622,594,0.437,0,0,1
47,68049,648,0.434,1,0,0
45,90190,508,0.203,1,1,1
21,188187,591,0.499,1,1,0
39,56256,841,0.525,2,0,0
33,41920,846,0.378,3,1,0
28,127780,659,0.126,4,0,1
51,60984,827,0.333,5,1,1
44,80863,665,0.379,4,0,1
48,66349,526,0.178,1,0,1
52,89466,801,0.296,1,0,1
64,58400,633,0.139,2,1,1
56,76479,706,0.441,4,1,1
48,95339,720,0.375,5,0,1
59,57231,593,0.103,2,1,1
42,63750,751,0.403,1,1,1
64,72126,665,0.342,0,1,1
54,49398,615,0.427,0,1,1
49,70253,590,0.291,3,0,1
60,84909,756,0.23,3,1,1
43,70821,572,0.234,3,1,1
52,74071,525,0.269,0,0,1
33,80885,806,0.353,2,0,1
63,64747,602,0.372,1,1,1
48,103738,717,0.321,2,1,1
55,134638,745,0.287,3,1,1
41,69232,790,0.297,1,1,1
59,96527,711,0.726,3,0,0
24,74899,741,0.234,1,0,0
26,92566,789,0.266,3,1,0
43,140896,829,0.844,2,1,0
53,97323,497,0.413,2,0,0
56,43786,755,0.143,0,1,1
40,95478,544,0.476,3,1,0
49,125399,809,0.213,5,0,1
45,75372,497,0.486,3,1,0
63,115408,571,0.318,4,1,1
49,63973,551,0.284,4,1,1
39,48427,703,0.591,0,0,1
63,85576,481,0.435,4,0,0
25,44046,486,0.496,1,1,0
64,74894,666,0.415,3,0,0
27,127791,839,0.283,5,1,1
33,41745,675,0.442,5,0,0
57,52049,644,0.531,2,1,0
53,56758,723,0.37,5,0,1
63,79666,684,0.62,3,1,0
53,71665,622,0.478,0,1,1
49,132913,697,0.382,1,1,1
36,113752,481,0.388,5,0,0
21,96868,570,0.371,5,0,0
26,85710,729,0.162,5,1,1
34,93469,606,0.336,2,0,1
22,60238,500,0.383,1,0,1
43,109950,526,0.288,4,1,1
55,55190,800,0.401,0,0,0
63,109113,601,0.353,5,1,0
42,123365,488,0.466,3,0,0
59,87690,749,0.449,3,1,0
64,76579,676,0.375,2,0,0
58,93701,647,0.145,5,1,1
41,29918,811,0.619,4,0,1
35,90540,596,0.329,0,1,1
64,78283,691,0.338,3,0,1
31,80020,755,0.299,5,0,1
39,104302,705,0.277,0,0,1
24,79347,556,0.582,4,0,0
55,54649,732,0.558,1,0,1
49,77518,755,0.417,3,1,0
24,83400,525,0.334,5,1,1
30,84794,541,0.443,2,1,0
45,86200,729,0.361,0,1,1
44,117188,524,0.321,0,0,1
56,55695,805,0.401,4,1,0
32,86617,520,0.284,5,0,1
61,127929,840,0.388,1,0,1
40,44384,728,0.381,5,1,0
57,86737,643,0.44,2,0,0
31,66362,579,0.257,0,0,1
22,71540,607,0.457,3,0,0
23,59342,756,0.214,5,1,1
37,76758,758,0.264,1,1,1
62,155157,557,0.271,5,1,1
23,52324,680,0.189,3,1,0
37,54089,847,0.502,2,0,0
25,51641,575,0.205,4,0,0
61,149097,736,0.245,2,0,1
50,69282,543,0.538,0,0,0
54,80723,788,0.264,5,0,1
52,70741,542,0.322,2,0,1
49,58525,590,0.198,3,1,1
55,75016,649,0.475,4,0,0
21,192556,617,0.477,0,0,0
59,132585,542,0.461,4,1,0
53,60429,717,0.431,2,0,1
53,102171,487,0.361,3,0,1
38,60884,843,0.271,2,0,1
56,43740,499,0.228,4,0,0
37,116376,603,0.543,1,1,1
23,122246,824,0.465,0,0,1
60,117462,537,0.246,2,1,1
31,69099,506,0.356,0,0,1
25,76833,755,0.305,1,1,1
48,105892,507,0.181,3,0,0
31,93412,812,0.377,4,0,1
58,70968,646,0.288,4,0,1
40,46216,801,0.207,1,1,1
21,84763,570,0.128,4,0,0
62,118825,532,0.115,2,1,1
43,53562,836,0.294,1,0,1
32,101857,762,0.337,4,0,0
50,91473,817,0.219,3,1,0
44,105906,598,0.448,2,0,0
22,110519,629,0.34,3,1,1
54,63876,693,0.437,4,1,0
38,46250,646,0.323,1,0,0
51,67577,569,0.232,0,1,1
60,111185,618,0.367,3,1,1
47,67377,705,0.161,0,1,1
50,63885,494,0.431,3,0,0
32,43057,604,0.209,2,0,1
31,150419,588,0.488,1,1,0
39,108744,506,0.299,3,1,1
58,106641,525,0.509,2,1,0
44,114286,663,0.182,2,1,1
36,99668,517,0.248,1,0,1
55,74775,607,0.407,4,0,0
58,76914,687,0.526,5,0,0
60,70130,803,0.6,3,0,1
34,204826,516,0.356,1,1,1
52,98946,640,0.626,5,0,0
46,69246,518,0.307,0,0,1
40,95863,638,0.515,1,1,0
38,57180,657,0.209,0,0,1
26,137907,775,0.413,5,1,1
33,64627,643,0.0,0,1,1
45,97065,826,0.182,3,1,1
60,118284,530,0.42,1,0,0
59,93193,499,0.153,1,1,1
29,84189,481,0.414,3,1,0
50,81759,611,0.486,4,1,0
24,79858,551,0.275,0,1,1
50,66563,513,0.205,0,1,1
36,69594,567,0.279,1,1,1
40,136709,840,0.205,5,1,1
52,78415,776,0.335,0,1,1
39,61866,486,0.365,1,0,1
56,67986,818,0.304,2,1,1
44,119717,555,0.601,1,0,0
64,103179,630,0.242,0,1,1
49,99099,601,0.559,3,0,0
34,74431,629,0.194,3,1,1
55,99552,761,0.361,1,1,1
38,65024,743,0.527,4,1,1
44,74376,699,0.52,0,1,1
27,114369,711,0.287,4,1,1
26,110609,749,0.433,1,0,1
46,57762,548,0.413,1,1,1
29,60374,626,0.269,1,0,0
64,84609,519,0.442,5,1,0
58,149030,740,0.629,3,0,0
51,41660,641,0.421,4,0,0
53,89785,715,0.435,1,1,1
47,50319,688,0.451,0,1,1
23,65234,581,0.131,0,1,1
38,71697,531,0.419,2,0,0
42,70304,839,0.197,1,0,1
61,67570,588,0.262,4,0,1
30,81657,520,0.674,4,1,0
42,67536,593,0.312,1,0,1
36,48820,813,0.239,2,0,0
26,107013,576,0.523,2,1,0
25,106007,845,0.208,4,1,0
37,109411,650,0.283,3,1,1
24,47501,798,0.537,3,0,1
23,90434,721,0.356,0,0,0
36,103192,496,0.116,2,1,1
29,56774,668,0.432,5,0,0
45,81713,634,0.291,2,1,1
21,78203,554,0.581,1,0,0
34,155206,683,0.259,1,0,1
40,159744,518,0.508,0,0,0
63,45489,738,0.616,4,0,1
48,194976,784,0.222,0,0,1
59,59126,514,0.321,3,0,1
36,114805,657,0.408,2,1,0
40,114397,722,0.221,0,1,1
39,57484,502,0.391,5,0,0
60,96800,624,0.316,4,1,1
63,78442,575,0.313,4,0,1
63,98891,494,0.357,5,0,0
54,88300,777,0.361,5,0,1
43,123806,644,0.375,4,1,1
44,83629,758,0.26,3,1,1
64,76803,697,0.267,4,1,1
33,119537,804,0.332,2,1,1
36,99797,848,0.343,1,1,1
60,105229,702,0.284,2,0,1
37,64547,610,0.399,2,0,1
31,56495,636,0.078,0,0,1
45,66773,785,0.24,5,0,1
35,65543,637,0.308,5,1,1
60,107251,672,0.222,2,0,1
60,114617,551,0.594,2,0,0
34,77146,846,0.353,5,0,1
44,134400,720,0.377,2,1,1
64,131494,602,0.278,4,1,1
53,88694,696,0.348,3,1,1
30,61089,628,0.168,1,1,1
46,141370,537,0.325,4,1,1
48,79730,803,0.209,1,1,1
49,85128,807,0.308,1,1,1
22,72323,788,0.0,4,1,1
34,59655,616,0.181,4,0,1
58,48714,574,0.57,5,1,0
31,101647,498,0.475,4,0,0
34,61918,750,0.548,0,0,1
35,237659,601,0.558,5,0,0
28,55694,810,0.451,2,1,0
27,52453,801,0.282,0,0,1
36,97373,527,0.194,3,0,1
59,139109,819,0.522,1,0,1
21,83313,531,0.36,2,1,0
33,99513,661,0.724,2,0,0
23,42724,655,0.295,0,1,0
45,64256,833,0.646,5,1,1
32,55937,723,0.326,3,1,1
55,41961,803,0.55,5,0,0
46,84855,700,0.605,2,0,1
55,37152,785,0.197,3,1,1
48,51276,795,0.277,4,0,1
40,67490,798,0.195,1,0,1
58,60889,632,0.166,5,0,1
41,93573,621,0.45,1,0,0
62,90645,844,0.321,5,0,0
64,111367,759,0.358,3,0,0
46,105989,819,0.433,3,0,1
50,121424,693,0.071,1,1,1
32,81396,823,0.543,3,1,0
56,90578,746,0.298,3,1,1
50,97420,754,0.43,5,0,0
60,85591,545,0.443,5,1,1
32,70880,689,0.556,2,0,0
55,72504,750,0.334,2,0,1
41,61182,761,0.031,2,1,1
29,94402,834,0.359,2,0,0
28,78814,600,0.38,0,0,0
45,64579,591,0.195,0,1,1
35,64600,838,0.372,4,0,1
25,53323,844,0.296,1,0,1
39,114731,546,0.149,2,1,1
49,83723,619,0.451,4,0,0
35,60221,830,0.265,3,1,1
63,108093,553,0.289,2,0,0
55,66943,769,0.281,4,0,1
43,49786,521,0.535,0,0,0
62,116446,545,0.344,2,0,1
40,67492,770,0.362,0,0,1
27,70590,704,0.284,3,1,0
22,82633,685,0.419,0,0,0
62,121499,796,0.552,5,1,1
63,82024,593,0.447,3,1,0
53,53534,666,0.453,1,0,0
25,98530,705,0.441,3,1,0
33,68735,753,0.143,2,0,1
22,157712,602,0.219,3,0,1
23,81419,714,0.319,1,1,0
31,37253,645,0.241,3,0,0
46,92303,680,0.19,0,1,1
23,160872,799,0.069,0,1,1
64,141397,625,0.148,3,1,1
41,154599,727,0.312,3,0,1
32,57002,828,0.34,1,1,1
43,112085,762,0.231,0,1,1
55,63263,845,0.362,2,0,1
34,88103,695,0.285,5,0,1
23,52168,584,0.514,4,0,0
23,65003,846,0.326,0,1,1
58,64284,718,0.454,5,1,0
25,111552,569,0.38,2,1,1
48,107797,597,0.14,3,0,1
37,89737,577,0.336,0,0,1
55,50772,788,0.165,1,0,1
23,73034,514,0.334,4,1,1
60,62731,753,0.238,1,0,1
51,110431,684,0.407,0,1,1
40,123022,507,0.149,0,1,1
30,117888,706,0.352,5,1,1
63,62532,758,0.436,4,0,0
34,31223,748,0.486,0,0,1
42,43885,675,0.235,5,1,1
38,133964,604,0.353,4,0,0
31,70779,540,0.378,2,1,1
39,62630,484,0.582,3,0,0
27,144739,613,0.128,1,0,0
21,126825,713,0.213,1,1,1
33,82151,493,0.771,4,1,0
25,73502,849,0.309,1,0,1
39,77771,696,0.066,2,1,0
58,88191,588,0.263,2,0,1
28,142596,835,0.0,0,0,0
21,94430,548,0.386,4,1,0
25,105016,834,0.471,4,0,1
43,122639,584,0.213,5,0,1
33,54088,620,0.279,3,0,0
42,106081,637,0.489,1,1,1
22,73472,848,0.087,1,0,0
35,33763,572,0.152,2,0,0
39,38673,839,0.316,5,0,1
39,57035,608,0.237,1,1,0
45,98094,585,0.306,4,0,1
55,84761,716,0.16,0,0,1
41,86880,736,0.382,5,0,0
58,161230,607,0.328,3,0,0
44,52238,529,0.432,2,0,0
32,80673,626,0.38,2,1,0
31,90609,679,0.381,2,0,1
35,62948,494,0.133,1,0,1
47,82262,509,0.424,3,1,0
31,46526,819,0.3,5,0,1
61,133415,493,0.325,1,0,1
42,64164,630,0.507,4,0,0
58,165834,762,0.242,3,1,1
51,80530,601,0.553,4,1,0
35,116725,663,0.567,4,1,0
31,79945,511,0.463,0,0,0
53,80579,773,0.203,0,0,1
35,66393,714,0.022,5,0,1
31,84919,795,0.512,0,1,1
61,91040,799,0.367,3,0,1
42,61899,609,0.238,4,0,1
23,77963,495,0.526,3,0,0
42,65790,608,0.221,0,1,1
41,182159,533,0.286,0,1,1
59,78933,677,0.429,4,1,0
52,139886,534,0.183,5,0,1
29,76061,821,0.334,2,1,1
27,89188,702,0.513,3,1,0
47,51291,573,0.382,5,1,0
23,69653,820,0.537,4,1,0
35,87679,764,0.52,3,1,1
27,141897,641,0.351,3,1,0
21,88031,534,0.0,5,0,1
61,132198,607,0.184,4,1,0
24,101927,696,0.465,2,0,0
21,143968,763,0.117,4,0,0
62,79785,576,0.301,1,0,1
29,188026,754,0.401,5,1,1
56,68725,584,0.57,0,1,0
22,62286,571,0.264,1,1,1
27,53329,645,0.253,2,1,0
25,184170,539,0.342,1,1,1
52,108506,629,0.403,3,1,0
48,72462,612,0.327,4,0,1
41,126110,583,0.507,5,0,0
31,103616,766,0.23,3,0,1
24,162089,602,0.368,3,1,0
46,47383,737,0.417,3,1,1
31,74227,746,0.29,0,1,1
46,69277,726,0.476,4,0,1
51,40822,579,0.372,0,0,0
58,118051,786,0.468,3,1,1
42,74096,567,0.379,5,1,1
21,105517,582,0.406,4,0,1
33,186032,803,0.255,3,0,1
58,71978,605,0.255,1,1,1
44,70288,737,0.534,5,0,1
48,84905,495,0.445,5,0,0
41,115070,707,0.197,2,0,1
28,66796,801,0.377,0,0,1
60,65311,742,0.0,3,0,1
55,117921,695,0.264,3,0,1
64,92993,794,0.494,5,0,0
58,39819,590,0.331,5,1,1
33,53044,619,0.368,1,0,0
32,137749,505,0.0,1,1,1
31,93754,738,0.291,5,0,1
61,62379,747,0.401,1,1,1
45,76735,758,0.42,2,0,1
40,81829,757,0.494,1,1,1
63,105373,527,0.318,2,1,1
47,50633,726,0.325,3,1,1
61,60683,762,0.15,1,1,1
64,89616,555,0.319,2,1,1
24,78654,656,0.161,2,1,1
36,99499,817,0.073,0,1,1
53,52967,633,0.187,4,0,0
56,92295,758,0.576,5,1,1
27,119349,676,0.309,2,1,1
35,96581,723,0.383,1,1,0
45,85515,711,0.273,3,1,1
56,78763,720,0.081,3,0,1
25,60813,768,0.49,3,1,0
47,79424,814,0.024,3,1,0
34,126583,589,0.267,4,1,1
30,78127,823,0.342,0,0,1
43,59654,712,0.385,0,1,1
39,68560,700,0.241,0,0,1
48,87383,601,0.074,0,0,1
34,71469,634,0.23,5,1,1
57,96530,721,0.238,4,0,1
24,97807,614,0.234,3,1,1
58,111179,586,0.496,4,1,0
22,134054,783,0.168,0,0,0
53,115417,633,0.395,1,0,0
36,58734,718,0.374,4,0,0
37,59368,491,0.494,2,1,0
21,79319,508,0.33,3,1,1
51,69553,793,0.469,4,1,0
28,54685,532,0.324,0,0,1
50,69784,774,0.415,4,0,0
52,68987,813,0.125,4,0,1
58,64383,658,0.0,2,0,1
52,72928,807,0.407,2,1,1
34,123034,638,0.415,0,0,0
53,87333,832,0.421,1,1,1
57,193472,567,0.271,1,0,1
34,86460,638,0.573,5,1,0
26,73588,623,0.281,0,1,1
60,81569,770,0.413,1,1,0
27,89101,496,0.439,0,0,0
47,94854,786,0.608,1,0,1
31,168485,488,0.302,0,0,1
26,60590,596,0.252,1,0,0
55,110020,700,0.125,4,0,1
27,87594,533,0.583,4,1,0
50,46999,661,0.413,2,1,0
51,106670,848,0.418,4,1,0
23,126934,784,0.818,3,0,1
28,60340,491,0.399,5,0,1
55,81197,698,0.155,4,0,1
43,44528,701,0.321,1,0,1
26,52427,505,0.204,3,1,0
64,117544,720,0.291,4,0,1
32,69183,672,0.29,1,1,1
21,55253,732,0.262,3,0,1
61,88262,590,0.141,2,0,1
21,67840,574,0.589,1,0,0
45,69076,752,0.395,1,0,1
64,105506,746,0.316,0,0,1
46,54239,539,0.464,4,0,0
46,59330,560,0.421,4,1,0
38,85964,696,0.391,3,1,1
26,114353,786,0.453,1,0,1
46,125632,554,0.37,0,0,1
60,64536,561,0.451,3,1,0
25,113078,778,0.463,1,0,0
59,61902,737,0.374,3,1,0
39,154342,813,0.317,5,0,1
44,54772,769,0.58,0,1,1
28,129667,832,0.278,3,1,1
48,64730,549,0.409,5,1,0
29,164784,580,0.412,2,1,0
33,100179,568,0.259,4,0,1
52,57077,500,0.229,4,0,0
23,67844,768,0.297,2,0,0
40,107063,724,0.276,1,1,1
47,117734,511,0.131,4,1,1
26,79460,553,0.252,3,0,0
33,82734,550,0.39,2,0,1
36,106211,629,0.54,1,1,0
50,85296,648,0.433,4,0,0
63,51794,586,0.0,1,1,0
57,61280,824,0.446,0,0,0
29,88437,558,0.266,0,0,1
21,124639,687,0.418,2,1,0
23,143394,642,0.348,0,1,1
47,107001,623,0.321,2,0,1
27,90067,785,0.335,1,0,1
31,105857,841,0.347,2,0,1
58,64498,482,0.552,4,1,0
59,77198,651,0.347,2,0,1
57,61042,524,0.513,3,1,0
32,52612,640,0.491,0,1,1
48,91537,708,0.45,0,1,1
47,86915,632,0.082,5,0,1
29,103615,594,0.517,3,1,0
45,98607,595,0.281,0,1,1
44,88670,590,0.457,3,0,0
38,98970,600,0.204,0,1,1
54,80243,618,0.172,0,1,1
50,94114,734,0.646,2,0,1
44,63171,515,0.206,3,1,1
52,92703,495,0.522,3,0,0
54,102919,671,0.368,4,0,1
45,64432,732,0.287,1,1,1
32,82942,575,0.343,1,0,1
54,65480,554,0.155,3,1,1
52,67743,711,0.348,5,0,1
64,54942,622,0.188,4,0,0
27,126852,752,0.291,4,1,0
39,118272,534,0.489,0,0,0
61,98308,524,0.388,5,1,0
43,162433,684,0.128,5,0,1
62,76231,625,0.478,3,0,0
21,235360,749,0.349,2,0,1
22,75216,667,0.269,3,0,0
56,89061,611,0.462,3,0,0
36,70865,539,0.325,5,0,1
43,92788,540,0.175,0,0,1
39,109122,759,0.627,3,1,0
38,78267,563,0.347,4,0,0
62,151692,665,0.338,2,1,1
25,88562,782,0.289,5,1,1
54,89539,812,0.527,0,1,1
60,59255,579,0.271,0,1,1
49,94299,520,0.118,4,1,1
38,77718,766,0.248,0,1,1
28,65833,734,0.549,2,1,0
51,62068,602,0.475,1,1,1
41,207497,699,0.312,4,0,1
27,74276,549,0.556,0,1,1
36,48914,739,0.462,2,0,1
63,63792,749,0.31,5,0,1
32,79994,590,0.325,2,1,1
28,98626,653,0.399,3,1,0
51,98907,603,0.225,5,1,1
29,103215,491,0.351,3,0,0
61,64994,527,0.396,4,1,1
58,91758,835,0.097,5,1,1
64,59942,648,0.322,3,0,0
61,65570,534,0.305,4,1,1
31,59075,496,0.504,3,1,0
30,53735,610,0.073,4,1,0
36,118211,843,0.293,3,0,1
41,103649,622,0.278,2,0,1
59,114644,849,0.494,3,0,1
53,82579,661,0.343,2,1,1
49,106899,762,0.619,2,1,1
59,43972,770,0.449,1,0,0
49,110176,490,0.288,2,1,1
37,86660,482,0.386,2,0,1
39,101442,821,0.297,3,1,1
43,93038,825,0.479,2,0,1
24,57658,529,0.15,2,1,0
53,48216,719,0.226,0,0,1
49,63484,821,0.418,2,0,1
53,99258,831,0.534,2,1,0
44,103703,589,0.02,5,1,1
55,50462,782,0.556,2,0,1
62,57778,719,0.329,0,1,1
46,63236,823,0.067,1,0,1
40,71876,534,0.0,4,0,1
25,50566,702,0.121,0,1,1
55,49515,489,0.347,0,0,1
60,61091,612,0.34,2,1,1
51,83947,484,0.445,2,0,0
59,53882,643,0.268,2,0,0
58,78216,780,0.184,0,1,1
56,117977,723,0.288,4,1,1
43,51644,597,0.355,1,1,0
25,75773,637,0.385,4,1,1
21,116590,615,0.232,3,1,1
29,70359,750,0.485,1,0,0
39,66634,578,0.257,2,1,1
53,122391,513,0.22,0,1,1
41,73173,667,0.269,4,1,1
22,119890,787,0.511,1,1,1
30,94645,656,0.33,2,0,1
64,72241,555,0.246,0,0,1
64,96341,497,0.489,2,0,0
37,91118,829,0.671,2,0,0
56,116432,761,0.381,1,0,1
52,67227,537,0.535,5,0,0
61,82634,507,0.505,1,1,1
60,79716,527,0.259,1,1,1
48,104215,619,0.354,3,1,1
38,56894,780,0.158,1,0,0
48,116273,539,0.319,2,1,1
35,95891,782,0.256,4,0,1
36,51371,480,0.29,0,0,1
47,124324,753,0.238,3,1,1
46,178027,584,0.307,0,1,1
46,115659,835,0.43,0,1,1
37,134215,656,0.332,0,0,1
39,83921,580,0.07,0,0,1
21,45535,569,0.238,2,1,0
47,42715,785,0.122,5,0,1
46,89057,629,0.387,5,1,1
62,66208,610,0.425,0,0,0
43,59139,752,0.388,5,0,1
41,79682,678,0.232,3,1,1
23,101034,725,0.387,3,1,0
29,48986,644,0.279,4,0,0
35,69609,503,0.179,2,0,1
37,138166,482,0.461,1,0,1
36,55905,494,0.473,3,1,0
38,110434,692,0.492,4,1,0
54,68741,670,0.259,4,0,1
26,98596,756,0.527,1,0,1
35,119589,811,0.276,5,1,1
28,105578,544,0.448,1,0,0
34,111967,834,0.273,4,1,1
51,54431,824,0.316,1,1,1
23,120275,707,0.0,0,1,1
35,60434,676,0.305,5,0,0
22,89196,545,0.364,3,1,0
63,89156,545,0.288,1,1,1
52,96524,486,0.613,0,0,0
31,91646,719,0.176,0,1,1
29,60623,640,0.265,1,1,0
25,50782,551,0.214,5,0,0
41,110534,529,0.265,1,0,1
54,86925,503,0.505,0,1,1
46,121788,717,0.572,5,1,0
59,80186,733,0.245,5,1,1
36,49809,713,0.242,1,1,1
33,114222,520,0.176,3,1,1
42,71548,495,0.546,3,1,0
29,91808,519,0.518,3,1,0
63,64935,758,0.334,1,1,1
29,144822,753,0.141,4,0,0
42,59932,589,0.154,5,0,0
43,72378,500,0.376,4,0,1
23,84572,598,0.432,5,1,0
41,55575,779,0.04,0,1,1
41,91440,533,0.302,3,0,1
32,143189,774,0.593,5,0,0
26,68603,651,0.317,3,0,1
22,93532,532,0.573,5,0,0
21,31115,825,0.447,2,1,0
42,80349,671,0.187,5,0,1
24,72998,728,0.306,5,0,1
63,61162,515,0.331,3,0,1
31,118927,617,0.207,4,1,1
49,72662,714,0.205,3,1,1
50,76545,718,0.576,1,1,1
42,71377,503,0.203,3,1,1
59,41642,703,0.512,5,1,1
25,54806,829,0.285,0,1,0
31,114021,770,0.346,1,1,1
32,38920,556,0.434,2,0,0
26,62289,817,0.26,2,0,0
33,70817,732,0.435,3,0,0
34,149945,501,0.043,2,1,1
54,106592,527,0.416,3,1,0
34,67020,820,0.0,0,1,1
59,128584,557,0.316,1,0,1
54,62854,515,0.478,4,1,0
60,115953,646,0.443,2,1,0
25,50622,674,0.155,4,1,0
64,118586,692,0.175,3,1,1
48,70658,723,0.247,1,1,1
64,56828,849,0.378,2,0,0
36,75490,760,0.045,5,0,1
62,89754,489,0.348,5,0,1
46,68500,512,0.397,0,0,0
24,98878,480,0.308,4,1,1
39,66417,626,0.429,2,0,0
27,101203,609,0.384,0,0,1
62,95086,825,0.269,3,0,1
34,79732,615,0.06,0,1,1
30,69792,491,0.37,1,0,1
45,85888,807,0.207,4,1,1
39,98750,576,0.263,4,1,1
25,167608,817,0.422,2,0,1
56,113159,766,0.563,4,1,0
58,114617,805,0.344,5,1,1
53,240082,783,0.433,2,1,0
48,97572,532,0.133,1,0,0
38,96508,711,0.387,3,1,0
44,104210,632,0.341,0,0,1
43,57218,712,0.534,5,0,1
28,69730,755,0.269,2,1,0
24,68227,665,0.314,4,0,0
32,102173,595,0.509,4,1,0
40,76634,819,0.336,2,1,1
28,85488,725,0.184,5,1,1
25,119177,807,0.733,4,0,0
58,110179,567,0.188,5,1,1
37,76969,790,0.34,0,1,1
46,64425,599,0.402,2,1,0
44,121188,650,0.39,5,0,1
53,106790,798,0.322,4,0,1
53,46424,611,0.322,2,0,1
34,72995,572,0.315,0,0,1
58,86309,818,0.183,1,0,1
37,106974,836,0.673,3,0,1
57,112004,595,0.317,3,1,1
38,89960,593,0.44,5,0,0
25,99967,564,0.3,0,1,1
54,83300,488,0.297,2,0,1
22,64338,684,0.282,1,1,1
54,74333,574,0.118,5,1,1
22,81994,794,0.326,0,0,1
30,80468,543,0.289,1,0,1
47,42100,715,0.526,1,1,0
62,70872,667,0.17,0,1,1
38,83069,706,0.263,3,0,0
26,73812,521,0.215,3,1,0
31,74710,652,0.566,3,0,0
60,96621,711,0.22,5,1,1
52,55833,606,0.434,2,1,0
25,46071,803,0.496,1,0,0
37,72106,675,0.328,2,0,0
32,106425,614,0.143,4,1,1
28,147031,491,0.145,3,1,1
58,107098,542,0.479,1,1,1
48,48721,656,0.161,4,1,1
28,75089,628,0.409,4,0,0
49,89106,802,0.367,1,1,1
39,86674,770,0.407,3,0,0
23,98372,538,0.421,3,1,0
40,59088,698,0.21,1,0,0
29,83323,648,0.204,0,0,1
31,94360,517,0.457,4,1,0
59,108743,726,0.256,3,1,1
52,61436,678,0.0,4,1,1
26,72182,512,0.447,2,0,0
58,31616,653,0.195,3,0,0
46,65529,750,0.42,5,1,0
59,67793,601,0.559,1,1,1
53,57005,612,0.353,3,1,0
35,86312,520,0.499,0,0,0
44,79872,555,0.373,0,1,1
44,36939,843,0.588,5,0,1
52,87832,709,0.191,0,1,1
31,58856,545,0.349,3,1,0
35,96543,658,0.451,3,0,0
31,52006,551,0.321,4,1,0
34,82311,643,0.523,3,1,0
28,73766,533,0.285,4,1,1
22,90567,708,0.66,5,1,0
62,85084,690,0.668,4,0,0
24,74492,714,0.392,4,1,0
60,47575,644,0.433,0,0,0
21,48569,585,0.529,1,1,1
55,66396,572,0.172,2,0,0
35,81215,559,0.153,3,1,0
43,65832,638,0.538,4,0,0
33,101375,647,0.391,4,0,1
42,73867,729,0.316,0,0,1
40,58105,499,0.352,1,0,0
44,73897,584,0.0,0,1,0
38,88151,795,0.321,3,1,1
44,91260,818,0.237,3,1,1
57,157186,824,0.488,0,1,1
40,64449,593,0.499,5,0,0
36,79383,530,0.437,1,1,1
26,94551,553,0.409,3,0,0
36,80786,528,0.125,4,1,1
26,68360,833,0.439,0,0,1
29,47359,806,0.444,5,0,1
62,68116,779,0.537,5,0,0
24,55936,750,0.668,5,1,1
42,44509,606,0.096,0,1,1
57,61652,656,0.292,2,1,1
62,56459,791,0.239,1,0,0
27,99916,781,0.376,2,0,0
28,100523,671,0.352,5,1,0
37,59361,789,0.315,4,1,1
45,74360,608,0.504,4,0,0
63,42505,632,0.185,2,1,0
30,68510,790,0.194,5,0,1
28,93657,619,0.196,5,1,1
32,108715,758,0.296,4,1,1
59,63462,647,0.166,4,1,1
22,117701,590,0.343,3,0,1
37,47919,560,0.325,0,1,1
26,52632,704,0.232,1,0,1
27,104416,657,0.481,4,0,0
61,146188,616,0.341,1,1,1
21,96805,754,0.509,1,0,1
35,80309,480,0.321,5,0,1
61,37776,514,0.346,2,1,1
47,40131,835,0.266,5,0,1
24,85225,725,0.349,1,0,1
41,71857,683,0.457,2,0,1
63,55310,485,0.288,2,1,1
38,83341,701,0.428,2,0,1
44,84800,640,0.228,2,0,1
44,113357,701,0.464,1,1,1
50,85440,495,0.263,4,0,1
29,125203,683,0.478,1,0,0
57,81679,693,0.359,2,1,0
64,78228,587,0.578,5,1,1
27,118216,500,0.177,2,0,1
57,57832,839,0.129,0,1,1
56,218122,742,0.258,0,0,1
53,92883,710,0.142,2,0,1
37,93064,763,0.143,3,1,1
41,97884,728,0.443,5,0,1
57,157118,529,0.349,0,0,1
27,107488,648,0.278,3,0,0
57,46443,808,0.292,1,1,0
61,133115,586,0.26,2,0,1
51,72290,839,0.598,2,1,1
36,84564,503,0.24,1,0,1
45,52053,602,0.152,0,1,1
23,97922,609,0.469,0,1,1
61,64846,708,0.318,3,1,1
36,84357,545,0.656,1,0,0
23,73741,564,0.271,1,1,1
55,159773,724,0.477,0,0,1
49,163007,585,0.512,0,1,1
48,82788,805,0.272,0,1,1
23,83295,801,0.239,2,0,1
54,71471,592,0.461,0,1,0
49,119953,687,0.436,1,0,1
55,72594,603,0.138,1,0,1
57,70283,607,0.181,1,0,1
30,114722,728,0.0,0,0,1
30,67464,588,0.439,0,1,1
61,80382,535,0.311,5,1,1
44,46831,575,0.326,4,0,0
40,104216,823,0.096,0,0,1
33,160662,575,0.185,1,0,0
49,104839,614,0.278,2,1,1
54,135861,712,0.249,5,1,1
21,60574,517,0.368,5,1,0
45,88474,579,0.438,4,0,0
64,58551,544,0.69,0,1,0
33,75210,822,0.347,2,0,0
33,106727,825,0.517,2,0,0
59,84406,759,0.226,3,1,1
23,49679,571,0.099,5,0,0
38,51405,708,0.297,1,0,1
41,50229,725,0.11,3,0,1
56,96738,801,0.352,1,1,0
26,167731,537,0.233,1,1,1
40,131218,752,0.057,1,0,1
27,41947,551,0.61,4,1,0
55,133938,690,0.269,2,0,1
48,113040,805,0.104,4,1,1
42,47425,502,0.485,4,0,0
38,73250,534,0.241,2,1,1
27,119514,780,0.514,5,0,0
61,98756,486,0.24,0,1,1
49,51512,733,0.269,5,0,1
35,100863,665,0.402,0,1,0
39,38547,608,0.439,2,1,0
52,75340,799,0.465,4,0,1
52,121302,794,0.337,4,0,1
41,81977,600,0.429,1,0,0
34,68400,481,0.462,5,0,1
50,111193,527,0.38,0,1,1
49,114567,519,0.329,4,0,1
47,128833,843,0.133,3,1,1
24,110611,700,0.44,1,0,0
41,118924,730,0.356,5,0,0
48,105269,565,0.288,4,0,0
62,89383,794,0.542,0,1,1
44,84043,747,0.136,0,0,1
36,74960,758,0.597,0,0,0
45,53286,653,0.347,2,0,0
28,58302,738,0.398,2,0,1
24,73795,681,0.291,4,0,1
50,88633,622,0.1,4,1,1
64,134866,699,0.329,0,1,1
58,80268,600,0.4,2,0,1
46,115725,832,0.451,4,1,0
22,118838,745,0.32,5,1,0
64,75113,753,0.021,1,1,1
40,100298,745,0.119,0,1,1
33,74796,645,0.658,0,0,0
60,129379,831,0.186,2,1,1
53,101753,556,0.564,2,1,0
53,53696,690,0.21,2,0,0
33,86188,505,0.323,0,0,1
64,145015,589,0.444,2,1,0
40,76445,692,0.227,1,1,1
44,95269,661,0.589,2,0,0
54,98599,828,0.361,0,1,1
50,56666,707,0.419,4,1,1
28,97392,632,0.31,2,1,1
34,50007,637,0.449,1,0,0
36,65433,706,0.587,5,0,1
62,118689,772,0.33,4,1,1
52,92283,582,0.609,0,1,1
37,73217,696,0.258,0,1,1
53,95227,692,0.465,0,0,0
53,79756,483,0.423,3,0,1
38,81810,817,0.19,2,0,1
38,102502,690,0.382,2,0,0
60,63144,569,0.351,3,1,0
45,82609,714,0.222,3,0,1
27,73018,730,0.404,0,0,0
52,46760,818,0.372,0,1,1
46,59018,492,0.339,4,1,1
43,141016,633,0.34,5,1,0
52,93191,546,0.336,5,1,1
60,51251,692,0.295,5,1,0
35,47507,665,0.371,2,1,0
39,78315,655,0.253,4,1,1
29,140670,843,0.749,5,0,0
49,76297,676,0.139,5,0,1
38,128696,632,0.262,0,1,1
36,92128,504,0.274,0,1,1
51,96057,587,0.656,2,0,0
38,51034,811,0.152,3,0,1
41,113084,647,0.414,5,0,0
40,72441,816,0.387,1,1,1
32,110176,677,0.4,4,0,1
26,61255,682,0.535,5,0,0
57,86658,639,0.532,5,0,0
25,92130,685,0.282,1,1,1
35,77176,504,0.379,1,0,1
50,93840,501,0.07,1,0,1
26,74200,656,0.365,4,1,0
49,64899,701,0.231,4,0,1
53,142868,683,0.322,2,0,1
50,117582,638,0.097,0,0,1
34,62408,588,0.411,3,0,0
21,99380,742,0.096,4,1,0
60,62807,703,0.372,2,0,0
35,53805,497,0.166,1,1,1
56,116960,647,0.223,3,1,0
29,44861,743,0.523,3,0,1
28,112663,770,0.438,3,1,1
55,74556,586,0.522,5,0,0
62,75638,822,0.584,1,1,1
58,94011,721,0.234,3,0,1
54,99825,641,0.575,5,0,0
31,60994,712,0.13,1,1,1
61,104711,802,0.462,1,1,1
50,84748,563,0.276,0,1,1
28,52477,535,0.21,2,0,0
26,76749,642,0.442,0,1,0
59,132085,511,0.492,4,0,0
33,146468,789,0.487,0,1,1
54,104697,839,0.382,4,1,1
27,53698,704,0.37,3,0,1
33,96710,842,0.429,5,0,1
33,109706,505,0.396,2,0,0
33,105004,714,0.431,2,0,1
50,107204,643,0.381,1,1,1
61,92494,582,0.476,3,0,0
61,79412,595,0.106,1,1,1
53,65830,681,0.33,0,1,1
29,41918,717,0.142,5,0,1
63,91732,540,0.392,4,0,1
44,86931,707,0.596,0,1,1
45,99003,822,0.279,3,0,1
51,51002,483,0.369,1,0,0
54,102080,804,0.463,1,1,1
62,167183,704,0.04,2,0,1
46,83718,606,0.272,4,0,0
47,79712,751,0.405,0,0,1
53,90754,708,0.0,2,1,1
32,165889,764,0.203,5,1,1
34,56924,510,0.515,2,1,0
48,87455,501,0.5,0,1,0
23,61567,717,0.406,2,1,0
35,67259,592,0.482,4,1,0
52,80049,568,0.382,5,0,1
63,130525,635,0.433,3,1,0
43,152986,748,0.303,0,0,1
38,95283,546,0.367,4,1,0
40,71392,840,0.255,4,1,1
51,194895,635,0.54,3,0,0
44,70130,535,0.578,5,1,0
22,66693,506,0.557,4,1,0
44,43762,797,0.289,1,1,1
38,132772,521,0.207,2,0,1
51,114307,635,0.542,3,1,0
59,189850,727,0.432,2,1,1
63,50082,669,0.399,3,0,0
47,135688,577,0.255,4,0,1
36,83475,519,0.414,0,1,1
40,108000,743,0.187,3,0,1
28,45754,661,0.445,0,0,0
62,136160,497,0.557,3,1,0
58,107263,547,0.595,2,1,0
58,80349,688,0.456,1,0,0
35,102083,542,0.143,5,0,1
35,62307,624,0.38,1,0,1
58,66500,526,0.671,0,1,1
44,69255,774,0.22,2,1,1
52,42587,713,0.341,4,0,1
42,110125,770,0.562,0,1,1
40,123601,499,0.443,2,1,0
48,63722,618,0.722,2,0,0
56,92008,579,0.24,5,1,1
35,74222,710,0.202,0,0,1
56,91368,783,0.534,0,1,1
31,65389,564,0.171,3,0,1
38,59788,764,0.32,1,1,1
61,117710,694,0.34,4,1,1
62,79650,784,0.505,1,1,1
61,165296,510,0.442,3,1,0
34,82782,846,0.419,0,1,1
58,58902,640,0.29,4,0,0
62,125140,583,0.532,3,0,0
64,101573,547,0.95,0,1,0
21,105047,844,0.454,1,0,1
53,123558,806,0.365,0,1,0
64,64814,528,0.155,0,1,1
54,77903,644,0.254,4,1,1
31,76707,751,0.318,2,0,0
54,51844,698,0.27,4,0,1
25,74273,549,0.348,1,0,1
42,130026,613,0.617,4,1,1
48,88506,616,0.537,3,1,0
41,50850,586,0.326,3,1,0
51,47250,835,0.169,4,0,1
31,145864,555,0.551,4,0,0
47,78916,741,0.343,4,0,1
49,64936,817,0.091,4,0,1
48,74003,774,0.457,2,1,0
33,48567,775,0.504,4,0,0
34,134033,538,0.0,5,1,1
32,70982,529,0.226,4,0,1
41,131445,769,0.333,3,1,1
46,82937,756,0.46,0,1,1
36,134335,754,0.273,2,0,1
39,89107,634,0.225,0,1,1
33,109797,673,0.459,0,0,0
30,104761,485,0.28,2,0,1
49,101307,587,0.431,2,0,0
56,91999,675,0.183,3,1,0
33,75076,526,0.147,5,1,1
58,159238,528,0.463,4,0,0
46,59298,496,0.388,2,0,0
28,81574,557,0.488,2,1,0
37,81876,847,0.27,4,1,1
21,93771,737,0.231,1,0,1
22,70083,830,0.554,5,0,1
35,90936,575,0.122,4,1,1
40,76777,701,0.538,4,1,0
56,46820,809,0.548,1,1,1
26,81724,610,0.479,3,0,0
57,55412,723,0.247,4,1,1
31,44388,736,0.228,0,0,1
27,85448,787,0.318,1,1,1
51,96617,838,0.156,3,1,1
55,97939,707,0.206,2,0,1
47,99336,695,0.447,4,0,0
26,41413,801,0.447,2,1,1
26,50584,733,0.193,5,0,0
38,162509,613,0.451,1,1,0
40,56457,713,0.418,2,0,0
64,100866,683,0.576,0,0,1
33,64044,564,0.435,1,1,0
29,83754,670,0.509,1,1,0
62,65259,710,0.422,4,0,1
27,99141,814,0.497,2,0,0
22,85445,694,0.157,1,1,1
39,69623,541,0.332,1,0,1
38,56398,845,0.344,3,0,0
48,89454,693,0.313,4,1,1
59,53279,586,0.417,5,1,0
62,94596,759,0.445,0,0,1
33,204235,622,0.409,5,0,0
64,130655,616,0.323,2,0,0
48,104734,790,0.24,4,1,1
24,79047,801,0.515,0,0,1
62,41324,673,0.402,3,1,0
27,51275,618,0.197,5,1,0
46,127610,799,0.321,0,0,1
55,61780,544,0.089,4,1,0
31,63769,756,0.355,0,0,0
32,76863,696,0.32,5,0,1
41,56164,796,0.264,4,1,1
59,53018,635,0.588,5,1,0
30,80025,787,0.177,5,1,1
50,59618,485,0.456,1,1,1
40,62843,760,0.678,2,0,1
25,61966,505,0.512,4,1,0
52,97790,717,0.345,1,1,1
57,75095,552,0.18,1,1,1
46,76516,836,0.146,0,0,1
28,100377,764,0.288,5,1,1
27,77501,518,0.247,1,0,1
39,73892,810,0.242,2,0,1
43,96030,573,0.301,2,0,1
45,102911,681,0.335,2,0,1
31,77364,511,0.423,4,0,0
43,83782,519,0.164,5,1,1
33,61953,569,0.248,3,1,1
51,60266,677,0.326,5,0,1
56,106613,680,0.321,0,1,1
49,95176,796,0.625,5,0,0
21,95522,541,0.385,0,0,1
64,89864,757,0.108,0,0,1
22,82779,482,0.413,0,1,0
64,103933,587,0.432,1,0,0
22,112989,544,0.331,5,0,1
43,112048,525,0.168,1,1,1
25,78628,696,0.614,4,1,0
25,132350,813,0.19,2,0,1
51,88231,726,0.449,0,0,0
53,101629,796,0.38,2,1,1
26,89903,698,0.44,1,0,0
63,88806,499,0.606,1,1,0
35,62959,608,0.434,3,1,0
35,104113,784,0.266,4,0,1
34,220490,496,0.516,3,1,0
41,71437,515,0.255,1,0,1
28,83500,788,0.375,4,1,0
39,69674,503,0.156,4,0,1
30,68662,834,0.195,1,0,1
23,139848,760,0.358,5,1,1
37,64358,726,0.405,5,0,1
50,68998,678,0.095,3,0,1
54,46730,513,0.425,1,1,0
36,62479,633,0.227,2,1,1
35,44793,778,0.542,2,0,1
55,101609,814,0.297,1,0,1
50,216999,645,0.181,1,1,1
57,71641,790,0.361,0,0,1
60,45451,767,0.213,0,1,1
57,111609,501,0.54,4,0,0
62,63154,709,0.35,0,1,1
39,128351,707,0.327,2,0,1
38,73795,680,0.439,2,1,0
35,65292,765,0.199,0,0,1
31,76532,809,0.157,4,0,1
53,106189,683,0.411,5,1,0
52,75219,598,0.185,3,1,1
56,68453,843,0.185,4,0,1
28,75975,836,0.476,1,0,0
42,52188,733,0.429,5,1,1
30,93594,717,0.162,4,1,1
60,43582,518,0.257,2,1,0
32,69725,628,0.214,4,0,1
27,106249,553,0.616,5,1,1
46,90565,670,0.486,3,0,0
59,100144,785,0.287,1,1,1
61,79618,563,0.436,1,0,0
25,122659,848,0.147,1,0,1
35,112578,527,0.249,1,0,1
27,95216,516,0.366,5,1,1
34,112690,840,0.418,1,1,1
44,105916,517,0.335,5,0,1
33,69839,752,0.387,1,0,1
23,50888,762,0.362,2,1,0
43,94361,602,0.325,3,0,1
23,98606,503,0.306,0,0,0
30,119303,594,0.286,1,0,1
21,58691,505,0.385,1,1,0
24,59308,728,0.412,0,1,1
40,95676,808,0.38,4,1,0
58,79447,848,0.173,3,1,1
55,42097,776,0.2,5,1,1
25,92878,766,0.41,5,1,1
22,42591,806,0.571,2,0,0
35,58508,764,0.373,4,0,1
49,130724,720,0.288,0,1,1
53,154271,848,0.384,2,1,1
57,53225,599,0.179,3,1,0
36,72582,632,0.546,2,0,0
28,82675,815,0.378,4,0,0
22,151931,595,0.25,5,0,0
27,68545,590,0.325,2,0,0
23,68930,536,0.271,1,1,1
58,140058,581,0.547,3,0,0
32,71438,699,0.32,5,0,1
57,104875,807,0.373,5,0,1
45,48570,530,0.436,4,0,0
44,76713,731,0.239,1,1,1
41,45565,763,0.379,1,1,0
57,56295,811,0.391,3,0,1
22,109259,757,0.117,2,1,1
25,80041,537,0.388,3,1,1
39,72843,660,0.343,5,1,1
38,62673,832,0.369,3,1,1
45,75397,816,0.355,2,1,0
53,90504,706,0.389,5,1,1
46,114895,836,0.551,2,0,0
32,32499,727,0.173,3,1,1
35,60879,504,0.299,0,1,1
54,86115,818,0.45,3,1,0
29,78681,542,0.422,2,0,0
43,93802,620,0.419,0,1,0
44,89446,568,0.763,1,1,1
54,73207,746,0.442,4,0,1
52,67735,491,0.52,1,1,0
41,74744,716,0.304,0,1,1
34,121761,799,0.201,0,1,1
37,63042,771,0.303,0,1,1
39,79680,593,0.457,2,1,0
30,86849,811,0.411,2,0,0
48,140629,613,0.41,3,1,0
30,73324,731,0.318,3,1,1
49,113930,667,0.294,3,0,1
54,125360,505,0.323,5,1,1
63,79654,481,0.459,1,0,0
26,75660,547,0.476,4,0,0
54,72590,825,0.199,0,1,1
24,74475,832,0.464,5,1,1
35,109836,631,0.252,2,0,1
28,88310,838,0.42,2,1,1
28,88442,498,0.321,0,0,0
28,54936,837,0.585,3,0,1
22,58054,565,0.287,2,1,0
57,172467,493,0.377,5,0,0
23,76536,760,0.441,1,1,1
38,62105,621,0.219,2,0,1
51,134409,588,0.339,5,0,1
64,89894,761,0.31,4,1,1
58,99719,603,0.273,4,0,1
27,77609,758,0.284,3,0,0
64,72855,552,0.517,5,0,0
49,76757,511,0.26,1,1,1
28,50201,600,0.435,4,0,0
40,78982,705,0.397,3,1,1
61,90343,563,0.14,2,0,1
38,155658,532,0.428,1,1,0
29,83940,757,0.138,3,1,1
59,35983,662,0.444,0,0,0
62,78815,639,0.274,4,1,1
63,212475,568,0.351,1,0,1
63,110303,486,0.156,2,1,1
59,61325,499,0.368,1,0,1
40,100172,732,0.489,2,1,0
29,62821,509,0.229,2,0,0
48,50712,571,0.259,1,1,0
30,72101,817,0.418,5,0,0
41,84102,607,0.422,4,0,0
49,42298,755,0.0,2,0,1
62,54478,607,0.652,0,1,1
33,81746,824,0.429,5,0,1
32,70608,784,0.455,4,1,1
53,93521,653,0.328,3,1,1
21,53243,733,0.072,3,0,1
45,104579,632,0.451,0,0,0
53,53822,829,0.265,2,0,1
45,144743,612,0.432,1,0,0
37,44678,789,0.317,3,1,0
57,55568,708,0.386,5,1,0
37,94262,718,0.234,3,1,1
52,145836,610,0.48,3,1,0
41,90946,788,0.172,4,1,0
22,99186,756,0.687,5,1,0
44,81952,781,0.686,0,0,0
23,56870,776,0.595,1,1,1
61,68611,538,0.541,1,1,0
47,53294,804,0.337,4,0,1
37,52063,791,0.525,2,1,1
42,93748,569,0.336,4,1,1
48,54976,843,0.117,2,0,1
32,91090,674,0.575,5,1,0
33,51643,599,0.519,4,1,1
39,90354,562,0.345,0,1,1
32,68646,614,0.166,5,1,1
54,133262,493,0.262,5,1,1
25,91223,735,0.077,0,0,0
57,125527,741,0.492,2,0,1
36,62522,727,0.11,5,1,1
45,83067,683,0.393,5,0,1
27,57779,614,0.223,2,1,0
37,70474,747,0.136,3,1,1
54,74311,802,0.386,0,0,0
32,63178,512,0.3,3,1,0
26,53227,621,0.476,3,0,0
43,49663,848,0.16,2,0,1
28,35913,798,0.236,1,0,1
34,56277,847,0.0,4,0,1
40,101456,547,0.022,2,1,1
45,46550,652,0.62,1,0,0
49,50459,528,0.663,2,0,0
50,152447,800,0.364,2,0,0
58,65185,671,0.226,1,0,1
23,91137,570,0.305,3,0,1
36,101983,513,0.481,5,1,0
21,102707,752,0.273,4,1,1
21,47808,780,0.386,1,0,1
30,75123,805,0.348,2,0,1
47,46230,839,0.265,3,0,1
60,191754,781,0.271,4,0,1
55,46609,770,0.394,4,1,1
49,56444,780,0.203,2,0,1
55,56588,849,0.418,1,0,1
28,48239,651,0.279,3,1,0
57,130766,760,0.369,0,0,0
60,190158,783,0.558,4,1,0
25,68957,523,0.325,5,1,1
41,51308,735,0.488,4,1,0
57,37229,605,0.081,2,0,1
41,74781,529,0.279,4,1,1
57,72913,543,0.354,3,1,1
62,64848,522,0.638,3,1,0
41,88013,812,0.056,5,0,0
23,93533,765,0.336,1,1,1
35,91202,517,0.569,4,1,0
30,72920,711,0.232,4,1,1
41,55392,724,0.318,3,1,1
46,102826,672,0.4,0,0,1
41,81808,704,0.378,4,1,1
29,111155,815,0.585,1,1,1
34,107396,671,0.417,5,1,0
50,49520,724,0.549,4,0,0
22,49305,691,0.296,2,1,0
30,62525,626,0.239,2,1,1
60,56278,809,0.316,0,1,1
25,106095,633,0.176,2,0,0
39,92108,775,0.423,0,1,1
30,119667,703,0.292,5,0,1
25,93576,733,0.249,3,1,1
39,87622,761,0.425,1,0,0
43,123953,752,0.178,4,0,0
28,96005,688,0.466,0,1,1
24,83416,707,0.278,3,1,1
26,136751,668,0.524,0,1,1
49,84802,605,0.291,0,0,1
58,73221,748,0.445,1,0,0
28,60750,805,0.377,1,1,1
35,104174,740,0.462,4,1,1
36,125583,765,0.366,5,1,0
36,80021,787,0.1,4,0,1
31,128737,615,0.501,4,1,0
23,40874,503,0.337,3,1,0
44,79885,604,0.468,2,0,0
36,80316,759,0.454,1,0,0
36,63152,781,0.234,5,0,1
32,187607,670,0.213,3,0,0
61,79586,768,0.448,3,1,1
47,70619,507,0.305,0,1,1
39,82194,718,0.49,2,0,1
30,40407,731,0.323,4,1,1
56,62430,667,0.504,2,1,0
60,114908,745,0.413,3,1,1
22,65357,661,0.393,4,0,1
61,60940,673,0.294,0,1,1
51,128809,703,0.385,5,1,0
25,130202,773,0.529,4,1,1
54,97607,572,0.342,2,1,1
25,69457,591,0.43,4,0,0
23,74902,634,0.357,0,1,1
26,61470,554,0.369,1,0,1
41,57503,603,0.609,0,1,0
48,56512,609,0.53,3,1,0
38,65607,596,0.362,5,1,0
26,56704,631,0.382,3,0,0
29,47120,666,0.245,4,0,0
58,87952,737,0.324,0,1,1
63,88421,592,0.396,5,0,0
54,147714,792,0.478,1,0,1
25,64462,657,0.462,3,0,0
57,90345,746,0.184,4,0,1
51,90872,522,0.497,5,0,0
44,74527,544,0.337,5,0,1
27,105691,647,0.202,3,0,1
64,106840,615,0.55,3,1,0
40,91340,663,0.569,2,1,0
22,74480,538,0.39,3,1,1
30,71870,655,0.456,4,1,0
38,50465,734,0.465,3,0,0
23,61432,749,0.559,3,1,1
35,65516,571,0.459,2,0,0
41,54960,607,0.151,1,0,1
62,95009,674,0.651,0,0,0
24,123819,671,0.51,2,1,0
46,59274,772,0.274,2,0,1
61,89946,624,0.196,3,1,1
56,56716,728,0.426,5,0,1
61,73206,806,0.308,4,1,1
28,63968,590,0.399,4,1,1
56,100551,784,0.462,3,1,0
64,64227,603,0.265,5,0,1
35,116057,603,0.183,5,1,1
42,74739,721,0.408,0,0,1
44,64886,710,0.27,3,0,1
42,52528,683,0.372,3,0,0
33,88999,565,0.149,5,0,1
63,111422,515,0.312,3,0,0
63,89628,816,0.457,0,1,1
37,178322,803,0.441,1,0,1
56,134347,808,0.232,0,0,1
38,73139,669,0.175,1,1,1
55,72871,807,0.352,0,0,0
46,96004,655,0.434,4,1,0
41,60746,507,0.411,2,1,0
26,122511,553,0.273,4,1,0
49,92440,580,0.395,5,0,0
35,89100,619,0.575,3,0,0
30,103589,827,0.381,2,0,0
29,148858,603,0.105,1,1,1
64,86473,706,0.38,4,0,1
25,78291,580,0.657,3,1,0
56,138110,718,0.157,4,0,1
59,114279,689,0.354,0,1,1
22,72796,535,0.316,0,0,1
46,81599,651,0.364,0,1,1
46,87216,518,0.379,4,0,1
36,92447,809,0.521,3,0,0
50,50663,740,0.363,1,0,0
38,47472,828,0.542,1,1,1
40,59705,803,0.332,3,1,1
39,58110,561,0.297,5,1,0
56,65018,741,0.25,5,1,1
48,101712,517,0.077,2,1,0
37,76775,835,0.391,4,1,0
61,87247,770,0.658,0,1,1
56,53064,731,0.419,5,1,1
62,69299,848,0.453,0,1,1
53,100037,793,0.288,2,1,1
38,100307,799,0.313,4,0,1
55,63206,517,0.498,5,1,0
35,86192,488,0.651,1,1,0
32,175844,835,0.573,3,1,0
40,80951,572,0.471,1,1,1
63,63904,637,0.355,0,1,1
45,76645,496,0.381,2,1,0
37,84121,710,0.237,3,1,1
41,77253,783,0.133,1,1,1
33,80562,791,0.181,5,1,1
49,49146,695,0.357,3,0,0
36,58153,724,0.306,2,1,1
45,77303,670,0.13,2,0,1
37,76873,645,0.344,2,1,1
35,66809,685,0.302,0,0,1
63,76558,826,0.174,3,0,1
36,83209,573,0.294,4,1,1
24,111196,653,0.302,2,1,0
37,78671,702,0.258,2,1,1
44,93661,690,0.489,5,0,0
25,67386,491,0.065,3,1,1
34,99508,586,0.052,1,0,1
28,92898,719,0.35,0,1,0
43,110281,736,0.364,4,0,1
52,104555,751,0.411,3,1,0
63,100089,846,0.269,3,1,1
38,78693,729,0.212,1,0,1
58,88742,694,0.349,1,0,1
30,118182,602,0.284,2,1,1
55,64830,617,0.583,4,1,0
45,65370,785,0.301,1,1,1
54,86791,653,0.342,3,0,1
54,94193,744,0.721,5,1,1
44,61042,525,0.321,1,0,1
32,79347,527,0.433,1,1,0
44,78815,559,0.447,1,1,0
57,37512,552,0.46,5,1,0
63,75425,704,0.393,3,0,1
61,77087,715,0.379,5,0,0
28,77007,686,0.365,5,1,0
47,133696,587,0.264,2,1,1
25,53222,693,0.399,0,0,0
50,61031,524,0.654,1,1,0
64,32646,654,0.532,3,1,0
23,68833,537,0.396,2,0,1
49,70918,508,0.478,0,0,0
62,68136,541,0.22,5,0,1
58,120023,521,0.311,1,0,1
38,110081,656,0.492,3,0,0
25,83701,681,0.573,5,0,0
61,71542,704,0.234,3,0,1
61,116649,642,0.277,4,0,1
46,80890,545,0.677,0,1,1
64,61167,487,0.364,4,0,1
21,44670,743,0.624,5,0,1
48,69793,843,0.381,5,1,1
22,106073,583,0.387,0,0,1
62,180691,555,0.304,1,1,1
50,83226,595,0.491,0,1,1
61,62310,559,0.554,5,1,0
45,53799,562,0.195,1,0,1
24,98809,662,0.297,3,1,1
22,43921,770,0.487,2,1,1
35,98753,743,0.331,4,1,1
53,108440,835,0.276,5,0,1
27,94888,612,0.501,1,0,0
58,75423,662,0.516,4,0,0
31,99259,620,0.283,1,0,1
42,86473,495,0.382,1,1,1
29,62032,623,0.169,0,0,1
41,155655,576,0.216,2,1,1
40,72018,657,0.369,3,1,1
21,106859,538,0.355,4,1,0
45,34935,754,0.205,5,1,1
55,127328,791,0.243,3,1,1
62,136192,835,0.19,2,0,1
35,82306,511,0.418,1,0,0
59,99045,523,0.055,5,0,1
59,99036,837,0.198,2,1,1
64,65042,793,0.071,4,0,1
37,98642,697,0.413,3,0,0
58,61374,598,0.08,5,0,1
45,65821,671,0.355,5,0,1
23,120835,678,0.596,4,0,0
32,114564,793,0.601,3,0,0
50,63610,675,0.079,0,0,1
28,63007,490,0.395,0,1,1
40,64978,738,0.202,3,1,1
55,105259,767,0.171,4,0,1
27,57398,590,0.333,4,0,0
42,92282,523,0.534,1,0,0
30,105784,532,0.44,3,0,0
44,78974,791,0.243,5,0,1
31,115992,645,0.456,0,1,0
63,73222,675,0.013,2,1,1
24,75577,835,0.237,5,1,0
63,57856,502,0.226,1,0,1
55,116281,556,0.362,1,1,1
58,62285,788,0.32,2,1,1
58,92058,679,0.329,4,0,1
29,79443,490,0.324,1,0,1
61,56347,740,0.353,4,1,1
47,65813,531,0.431,1,1,0
63,132159,769,0.372,2,1,1
59,87407,775,0.307,3,0,1
46,57214,785,0.41,0,1,1
37,90637,652,0.474,4,1,0
26,77390,579,0.267,4,0,1
25,272848,806,0.341,5,0,1
38,89999,686,0.524,1,0,0
56,71292,715,0.185,2,0,1
43,133889,530,0.621,5,1,0
42,42761,710,0.149,0,0,1
31,84185,694,0.298,2,0,1
45,163702,588,0.207,2,0,1
49,78205,763,0.678,2,1,1
64,44405,529,0.274,2,0,1
53,70911,746,0.275,4,1,1
47,135515,835,0.294,1,0,1
61,92909,689,0.364,5,1,0
39,60728,518,0.301,5,1,1
62,64082,684,0.33,1,1,1
37,66961,675,0.0,5,1,1
26,92427,684,0.359,1,0,0
39,130108,580,0.353,0,0,1
26,117725,711,0.506,2,1,1
26,95546,577,0.546,4,0,0
59,51107,686,0.322,5,0,1
55,51174,699,0.472,3,0,0
30,98164,718,0.185,4,0,1
57,50860,775,0.465,1,0,1
24,75268,806,0.264,5,1,1
33,90600,767,0.172,3,0,1
52,54699,774,0.322,0,0,1
34,56912,801,0.56,0,0,1
53,78811,569,0.377,1,1,1
59,97152,588,0.574,0,0,0
23,118100,677,0.238,1,1,1
22,100733,652,0.507,5,1,1
62,83578,739,0.252,1,1,1
43,62730,483,0.384,3,1,1
43,55991,531,0.383,5,1,0
41,68115,756,0.449,1,1,1
40,94017,784,0.388,4,1,1
51,91635,591,0.239,2,0,1
46,39057,595,0.482,1,1,0
28,61869,687,0.61,5,1,0
48,124161,656,0.262,3,1,1
50,83741,542,0.075,2,0,1
25,49603,665,0.425,4,0,0
37,185775,783,0.3,5,0,1
55,80630,749,0.33,4,0,1
48,93178,782,0.433,5,1,1
27,93675,718,0.282,1,1,1
22,71618,804,0.31,2,0,1
46,63140,572,0.335,1,1,1
41,171158,496,0.57,4,0,0
63,115714,522,0.355,4,0,1
43,108601,847,0.165,3,1,1
61,99654,716,0.171,3,0,1
30,57331,571,0.371,4,1,0
40,127375,796,0.181,1,1,1
27,60637,594,0.116,2,1,1
46,89941,700,0.445,4,1,1
29,45888,572,0.453,0,0,0
42,39873,515,0.295,5,1,0
36,91049,578,0.394,1,0,0
29,61364,564,0.378,4,0,1
25,40601,684,0.44,3,1,0
43,98417,487,0.441,5,0,0
62,171062,568,0.0,4,0,1
29,132469,690,0.314,3,0,1
38,74436,625,0.428,4,0,0
30,81703,715,0.288,2,1,1
56,111130,722,0.355,3,0,1
39,120632,837,0.463,5,0,0
63,72223,789,0.362,0,1,1
31,82431,564,0.576,2,0,0
24,90488,736,0.519,0,1,1
46,98875,712,0.332,3,0,1
49,77744,699,0.32,4,0,1
64,78098,775,0.0,0,1,1
59,132018,534,0.301,3,1,1
59,124379,618,0.147,2,0,1
48,96264,781,0.383,4,0,0
36,148664,810,0.373,1,1,1
39,71147,493,0.454,0,1,1
26,143745,654,0.56,0,1,0
39,98483,577,0.346,2,0,1
37,255919,542,0.692,2,1,0
22,53658,501,0.385,5,0,0
29,63990,679,0.153,2,0,1
44,94309,726,0.266,1,0,1
37,93600,676,0.294,4,0,1
64,161184,616,0.439,0,1,0
42,64462,765,0.208,2,0,1
63,111801,721,0.305,3,1,1
50,122347,816,0.326,1,1,1
22,104233,608,0.283,3,1,1
29,58186,568,0.472,2,1,0
52,133315,648,0.446,5,0,0
44,125244,667,0.525,1,1,1
34,100470,649,0.3,5,0,1
43,87490,787,0.53,3,0,0
60,88159,496,0.145,4,0,1
38,79237,675,0.142,1,1,1
22,101929,639,0.168,0,0,0
34,82343,558,0.351,4,1,1
62,60523,717,0.53,2,0,1
54,56430,776,0.26,1,1,1
57,62601,682,0.278,5,1,1
61,88036,511,0.318,1,1,1
26,80686,507,0.436,2,1,0
33,87827,636,0.278,4,1,1
23,97056,727,0.27,5,1,1
21,65394,595,0.148,5,0,0
57,136044,594,0.264,3,0,1
62,74166,798,0.527,0,1,1
27,69986,485,0.364,0,0,1
52,96432,509,0.239,4,1,1
44,42829,537,0.535,3,1,0
24,61764,843,0.262,0,1,1
61,114821,664,0.563,4,0,0
59,44341,538,0.561,5,0,0
45,120440,594,0.358,0,1,1
52,138227,838,0.125,4,0,1
38,71571,736,0.693,2,1,0
55,90209,562,0.408,2,0,0
40,120504,569,0.301,4,0,1
64,69174,507,0.493,1,0,1
23,110357,765,0.455,0,0,1
28,64399,530,0.547,5,1,1
63,68913,585,0.251,2,1,1
33,61574,608,0.398,1,0,1
34,91829,709,0.172,4,1,1
55,122155,704,0.45,1,0,0
29,76368,775,0.347,4,1,0
43,52199,589,0.392,0,1,1
33,55760,622,0.328,3,1,0
29,93514,623,0.312,2,1,1
63,155313,497,0.22,5,1,1
29,93485,752,0.469,3,0,1
25,71135,678,0.573,5,0,0
50,106502,656,0.266,1,1,1
59,74902,848,0.433,2,1,0
26,71350,546,0.415,4,1,0
52,58238,838,0.351,0,1,1
44,133347,731,0.121,5,0,1
57,33491,561,0.155,4,0,0
26,107689,731,0.233,4,1,1
63,69248,759,0.029,1,0,1
48,70554,614,0.561,4,0,0
58,147276,607,0.405,5,1,0
36,63437,789,0.346,1,0,1
62,64198,539,0.021,3,1,1
48,77817,484,0.076,0,1,1
26,94146,726,0.35,2,0,1
61,69780,815,0.646,0,1,0
56,46953,665,0.245,3,1,0
34,60160,529,0.48,3,1,0
45,127545,679,0.278,3,1,1
38,83611,573,0.358,4,0,1
44,95381,786,0.532,5,1,0
63,74329,706,0.298,1,1,0
60,64662,604,0.246,1,0,1
30,146518,711,0.563,1,0,0
63,76259,726,0.357,5,0,1
40,69743,731,0.514,0,0,0
52,119540,615,0.247,0,0,1
54,63255,691,0.561,0,1,0
42,66145,495,0.391,4,1,1
41,81744,629,0.415,3,1,0
41,81459,619,0.37,5,1,0
58,89198,677,0.274,1,0,1
37,169370,831,0.35,2,0,1
33,91623,832,0.284,3,1,1
36,35434,658,0.494,0,1,0
29,91305,719,0.32,5,1,0
38,82538,520,0.126,4,0,1
26,82699,658,0.098,0,0,0
24,88773,734,0.091,5,1,0
52,80637,732,0.443,2,0,1
24,79965,836,0.177,2,0,1
46,100944,652,0.395,5,0,0
55,67375,815,0.37,3,1,0
52,58458,842,0.34,1,0,1
40,234704,691,0.416,4,1,0
29,63399,513,0.374,4,0,1
61,84356,619,0.0,1,1,1
57,48256,762,0.301,4,0,1
47,84840,694,0.414,3,0,0
24,58755,826,0.596,1,0,1
22,69765,781,0.603,2,0,1
34,117422,503,0.146,5,1,1
27,96082,798,0.298,1,0,1
58,99379,612,0.115,4,1,1
30,43819,782,0.578,4,1,1
33,154921,667,0.502,5,0,0
63,53669,648,0.403,1,0,0
57,139073,506,0.375,1,1,1
30,116459,523,0.557,5,1,0
37,99690,700,0.532,2,1,0
43,60386,690,0.524,3,1,0
50,85889,685,0.419,3,1,0
62,69074,537,0.298,3,0,1
59,82283,668,0.465,3,1,0
63,74630,502,0.472,2,0,0
22,39904,533,0.321,2,1,0
31,120618,664,0.297,2,0,1
45,79171,708,0.52,3,0,0
23,68739,722,0.6,4,1,1
36,66946,843,0.238,3,1,1
27,92338,796,0.31,4,1,1
62,59572,620,0.403,2,1,0
23,36992,769,0.423,4,0,0
27,93925,515,0.272,2,0,0
29,97679,797,0.633,2,1,0
27,75954,623,0.413,0,0,0
46,54502,761,0.43,1,0,0
37,84026,839,0.614,4,1,0
61,48785,740,0.283,0,0,1
32,56853,820,0.337,1,0,1
44,62631,483,0.162,4,1,1
50,109440,543,0.324,5,0,1
48,71743,711,0.127,2,1,1
56,69634,680,0.462,2,0,0
29,161441,524,0.413,3,0,0
43,92145,745,0.308,4,0,1
56,91712,501,0.335,2,1,1
58,71565,846,0.464,1,1,1
48,66107,537,0.18,2,1,1
49,37893,644,0.381,1,0,1
59,114327,784,0.455,4,1,1
48,95288,670,0.083,0,0,1
62,76500,755,0.453,3,1,1
26,77631,740,0.099,0,1,1
36,105388,831,0.332,5,0,1
25,47269,651,0.175,3,0,0
24,66257,842,0.565,0,0,1
41,54724,671,0.176,5,1,0
30,151416,810,0.102,3,1,1
38,110662,751,0.37,3,0,1
40,37677,529,0.288,0,1,0
48,47951,718,0.124,1,1,0
62,77764,805,0.429,4,0,0
58,69037,527,0.051,2,1,1
37,51237,790,0.195,3,0,1
35,160881,519,0.264,5,0,1
54,90866,802,0.47,2,0,0
26,96177,771,0.544,2,0,0
44,63930,536,0.515,4,0,0
39,104878,748,0.327,0,0,1
29,71297,523,0.0,2,0,0
48,73761,690,0.409,5,1,0
35,100872,821,0.571,1,0,1
29,46056,556,0.535,1,1,0
49,142446,544,0.419,2,0,0
28,86820,636,0.172,0,0,1
50,127527,616,0.271,0,1,1
28,55902,497,0.64,1,0,0
40,58962,648,0.137,5,1,0
56,54235,576,0.178,1,1,0
31,88908,526,0.491,4,0,1
54,83354,582,0.285,2,1,1
52,69231,487,0.173,4,0,1
60,57116,818,0.579,1,1,1
28,52284,847,0.419,5,0,1
52,80080,616,0.293,2,0,1
62,69203,804,0.178,4,1,1
54,64074,650,0.657,4,0,0
29,139977,817,0.346,2,1,1
57,79137,544,0.56,4,1,0
25,127042,585,0.484,0,1,0
46,67583,753,0.272,2,0,1
42,88737,561,0.273,2,1,1
44,79885,784,0.567,5,0,1
43,44963,637,0.569,5,0,0
22,134279,629,0.068,4,0,0
43,77688,647,0.432,5,0,0
62,105768,775,0.332,5,0,1
40,62602,482,0.195,4,0,1
33,76885,757,0.389,3,1,0
64,60136,768,0.148,1,0,1
25,125537,783,0.28,4,0,1
42,90830,848,0.23,1,0,1
43,92617,769,0.275,1,1,1
42,131022,675,0.339,5,1,1
61,122085,652,0.198,0,0,1
39,106471,623,0.586,0,0,0
63,49521,786,0.424,3,1,0
23,63848,625,0.619,3,1,0
53,57319,691,0.326,0,1,0
47,105071,515,0.268,2,0,1
31,86464,597,0.614,1,0,0
31,50065,578,0.263,1,0,0
52,76244,640,0.323,1,0,1
49,48282,665,0.458,4,1,0
47,79950,745,0.164,2,1,1
23,45632,639,0.457,5,0,0
47,98012,535,0.438,0,1,0
64,92971,681,0.54,4,0,0
21,158822,500,0.484,5,1,0
41,109591,794,0.545,2,0,1
42,70244,765,0.333,4,1,1
60,108454,563,0.221,2,1,1
33,49940,577,0.666,3,0,0
41,58156,490,0.121,5,0,0
52,91524,614,0.136,3,1,1
23,38268,494,0.435,3,1,1
56,80398,826,0.594,5,0,1
57,56992,529,0.378,2,1,0
52,84391,723,0.5,1,0,0
49,55857,691,0.051,4,1,1
53,94489,567,0.275,4,1,1
55,82004,779,0.069,1,0,1
60,132971,520,0.467,4,0,0
39,81643,808,0.118,0,1,1
41,62239,753,0.158,1,1,1
49,74708,714,0.427,5,0,1
29,50882,805,0.509,3,1,1
58,93892,629,0.326,3,1,1
54,100128,584,0.436,3,0,0
48,193295,537,0.431,0,1,1
34,65520,822,0.318,5,0,1
36,74163,628,0.186,1,0,1
40,66585,786,0.435,4,0,1
50,87728,602,0.442,5,0,0
