date,sales,store_id,promo,temp_c
2021-01-01,1298.13,ST001,1,8.2
2021-01-02,2257.93,ST001,0,5.3
2021-01-03,2116.99,ST001,1,7.8
2021-01-04,1677.36,ST001,0,0.1
2021-01-05,1818.43,ST001,0,11.6
2021-01-06,1951.42,ST001,1,4.6
2021-01-07,2154.47,ST001,0,7.9
2021-01-08,2033.03,ST001,0,7.2
2021-01-09,2216.37,ST001,0,6.5
2021-01-10,1805.95,ST001,1,6.6
2021-01-11,1933.73,ST001,0,6.4
2021-01-12,1869.53,ST001,0,1.2
2021-01-13,2114.22,ST001,0,4.6
2021-01-14,2107.73,ST001,1,9.9
2021-01-15,2029.44,ST001,1,3.2
2021-01-16,2218.1,ST001,0,3.1
2021-01-17,2133.79,ST001,0,12.8
2021-01-18,1774.04,ST001,0,10.1
2021-01-19,1899.21,ST001,0,11.2
2021-01-20,2151.64,ST001,0,6.4
2021-01-21,2064.81,ST001,0,7.3
2021-01-22,1943.3,ST001,0,8.9
2021-01-23,2250.28,ST001,0,8.3
2021-01-24,2009.92,ST001,1,6.4
2021-01-25,1626.6,ST001,0,2.2
2021-01-26,1868.89,ST001,0,4.5
2021-01-27,2068.09,ST001,0,2.2
2021-01-28,2073.5,ST001,0,11.7
2021-01-29,1990.79,ST001,0,5.7
2021-01-30,2256.8,ST001,0,6.4
2021-01-31,2229.18,ST001,0,7.9
2021-02-01,1859.82,ST001,1,7.2
2021-02-02,1925.1,ST001,0,8.8
2021-02-03,2211.16,ST001,0,5.4
2021-02-04,2333.73,ST001,0,2.7
2021-02-05,2172.83,ST001,0,12.8
2021-02-06,2364.35,ST001,0,5.4
2021-02-07,2297.62,ST001,0,6.2
2021-02-08,1915.88,ST001,0,5.3
2021-02-09,1971.33,ST001,0,6.2
2021-02-10,2261.7,ST001,0,8.0
2021-02-11,2337.42,ST001,0,10.3
2021-02-12,2382.76,ST001,0,4.9
2021-02-13,2219.87,ST001,1,9.2
2021-02-14,2167.54,ST001,0,6.3
2021-02-15,1904.52,ST001,0,12.2
2021-02-16,1928.79,ST001,0,4.9
2021-02-17,2296.7,ST001,0,9.1
2021-02-18,2428.2,ST001,0,11.1
2021-02-19,2241.17,ST001,0,4.9
2021-02-20,2574.72,ST001,0,9.5
2021-02-21,2392.42,ST001,0,9.7
2021-02-22,2127.97,ST001,0,7.0
2021-02-23,2226.49,ST001,0,8.9
2021-02-24,2451.2,ST001,0,12.7
2021-02-25,2287.41,ST001,1,10.6
2021-02-26,2454.24,ST001,0,8.7
2021-02-27,2553.34,ST001,0,9.5
2021-02-28,2172.74,ST001,0,11.7
2021-03-01,2162.74,ST001,1,14.3
2021-03-02,2220.79,ST001,1,13.0
2021-03-03,2498.48,ST001,0,13.0
2021-03-04,2452.44,ST001,0,15.7
2021-03-05,2451.88,ST001,0,6.4
2021-03-06,2592.27,ST001,0,6.9
2021-03-07,2338.66,ST001,0,4.5
2021-03-08,2258.58,ST001,0,14.1
2021-03-09,2305.24,ST001,0,4.8
2021-03-10,2535.42,ST001,0,11.8
2021-03-11,2512.33,ST001,0,14.4
2021-03-12,2642.59,ST001,0,8.1
2021-03-13,2690.58,ST001,0,10.5
2021-03-14,2485.11,ST001,0,11.9
2021-03-15,2332.09,ST001,0,15.1
2021-03-16,2525.36,ST001,0,8.4
2021-03-17,2748.42,ST001,0,14.2
2021-03-18,2466.92,ST001,0,15.5
2021-03-19,2690.65,ST001,0,14.0
2021-03-20,2745.65,ST001,1,14.3
2021-03-21,2564.93,ST001,0,17.8
2021-03-22,2222.45,ST001,0,14.8
2021-03-23,2595.73,ST001,0,14.3
2021-03-24,2483.27,ST001,0,13.6
2021-03-25,,ST001,0,16.7
2021-03-26,2807.36,ST001,0,14.1
2021-03-27,2589.14,ST001,0,17.1
2021-03-28,2612.54,ST001,0,15.7
2021-03-29,2259.65,ST001,0,19.0
2021-03-30,2554.68,ST001,0,13.4
2021-03-31,2858.92,ST001,0,16.2
2021-04-01,3003.42,ST001,1,17.2
2021-04-02,2538.56,ST001,0,17.6
2021-04-03,2771.7,ST001,0,20.0
2021-04-04,2792.85,ST001,1,18.0
2021-04-05,2646.85,ST001,0,19.7
2021-04-06,2643.39,ST001,0,23.1
2021-04-07,2679.25,ST001,0,19.9
2021-04-08,2882.25,ST001,0,14.4
2021-04-09,2800.79,ST001,0,13.5
2021-04-10,2880.69,ST001,1,20.0
2021-04-11,2702.52,ST001,0,17.1
2021-04-12,2583.24,ST001,0,19.3
2021-04-13,2698.11,ST001,0,18.1
2021-04-14,2817.92,ST001,1,22.8
2021-04-15,2891.61,ST001,0,22.7
2021-04-16,2727.31,ST001,0,15.9
2021-04-17,2915.24,ST001,0,20.3
2021-04-18,2981.21,ST001,1,18.8
2021-04-19,2584.41,ST001,0,15.9
2021-04-20,2570.14,ST001,1,22.0
2021-04-21,3038.72,ST001,0,19.8
2021-04-22,3037.61,ST001,0,21.8
2021-04-23,3163.31,ST001,1,28.1
2021-04-24,3037.84,ST001,0,24.9
2021-04-25,2859.44,ST001,0,24.4
2021-04-26,2507.26,ST001,0,20.0
2021-04-27,2934.67,ST001,0,17.9
2021-04-28,3234.53,ST001,0,25.4
2021-04-29,2948.31,ST001,0,21.0
2021-04-30,2918.95,ST001,0,22.2
2021-05-01,3154.61,ST001,1,21.1
2021-05-02,2876.27,ST001,0,22.7
2021-05-03,2693.48,ST001,0,29.9
2021-05-04,2806.63,ST001,0,21.9
2021-05-05,3028.35,ST001,0,22.2
2021-05-06,3213.69,ST001,0,23.8
2021-05-07,3046.48,ST001,0,24.2
2021-05-08,3243.29,ST001,0,20.0
2021-05-09,2973.84,ST001,0,18.4
2021-05-10,2810.96,ST001,1,22.2
2021-05-11,2660.78,ST001,0,23.5
2021-05-12,2897.83,ST001,0,21.9
2021-05-13,3230.09,ST001,0,21.4
2021-05-14,3027.59,ST001,0,21.8
2021-05-15,3253.63,ST001,0,23.6
2021-05-16,3126.48,ST001,0,24.6
2021-05-17,2966.29,ST001,0,20.2
2021-05-18,3030.37,ST001,0,23.6
2021-05-19,3213.39,ST001,1,26.5
2021-05-20,3173.58,ST001,0,25.2
2021-05-21,3058.12,ST001,0,21.6
2021-05-22,3150.88,ST001,0,24.8
2021-05-23,3053.73,ST001,0,26.0
2021-05-24,2736.23,ST001,0,28.5
2021-05-25,2919.58,ST001,0,21.4
2021-05-26,3129.14,ST001,0,28.5
2021-05-27,3250.38,ST001,0,25.2
2021-05-28,3133.53,ST001,0,27.4
2021-05-29,3054.66,ST001,0,28.9
2021-05-30,3133.4,ST001,1,24.4
2021-05-31,2918.25,ST001,0,24.7
2021-06-01,3131.05,ST001,1,26.9
2021-06-02,3233.84,ST001,0,29.6
2021-06-03,3181.85,ST001,0,25.9
2021-06-04,3120.13,ST001,1,23.4
2021-06-05,3515.34,ST001,0,25.7
2021-06-06,3251.47,ST001,0,29.0
2021-06-07,3120.77,ST001,0,31.5
2021-06-08,3270.81,ST001,0,26.6
2021-06-09,3104.06,ST001,0,27.2
2021-06-10,3317.76,ST001,0,27.8
2021-06-11,3271.82,ST001,0,28.0
2021-06-12,3376.36,ST001,0,25.7
2021-06-13,3247.42,ST001,0,27.3
2021-06-14,2960.05,ST001,0,29.3
2021-06-15,3073.18,ST001,0,29.1
2021-06-16,3045.15,ST001,0,28.9
2021-06-17,3272.49,ST001,0,25.9
2021-06-18,3153.42,ST001,0,27.4
2021-06-19,3341.84,ST001,0,26.9
2021-06-20,3148.47,ST001,0,32.3
2021-06-21,3016.88,ST001,0,33.6
2021-06-22,3154.06,ST001,0,30.3
2021-06-23,3253.24,ST001,0,34.1
2021-06-24,3333.25,ST001,1,28.5
2021-06-25,3252.59,ST001,1,28.6
2021-06-26,3284.34,ST001,0,25.6
2021-06-27,3186.35,ST001,0,30.3
2021-06-28,2897.79,ST001,0,28.3
2021-06-29,3109.03,ST001,0,29.9
2021-06-30,3222.17,ST001,0,31.1
2021-07-01,3362.67,ST001,1,29.0
2021-07-02,3095.4,ST001,0,26.4
2021-07-03,3429.37,ST001,0,29.7
2021-07-04,3117.61,ST001,1,29.6
2021-07-05,2867.54,ST001,0,29.9
2021-07-06,3039.58,ST001,0,31.9
2021-07-07,3152.53,ST001,0,29.2
2021-07-08,3323.59,ST001,0,29.1
2021-07-09,3170.19,ST001,1,35.1
2021-07-10,3204.84,ST001,0,33.1
2021-07-11,3098.19,ST001,0,29.6
2021-07-12,3081.33,ST001,0,27.1
2021-07-13,3053.84,ST001,0,28.6
2021-07-14,3072.74,ST001,0,31.0
2021-07-15,3278.14,ST001,0,32.4
2021-07-16,3046.84,ST001,0,37.0
2021-07-17,3502.98,ST001,0,29.1
2021-07-18,3006.2,ST001,0,30.3
2021-07-19,2971.35,ST001,0,28.7
2021-07-20,3089.48,ST001,1,30.0
2021-07-21,3021.4,ST001,1,28.6
2021-07-22,3289.03,ST001,0,26.5
2021-07-23,3305.52,ST001,0,32.7
2021-07-24,3334.46,ST001,0,30.0
2021-07-25,3178.57,ST001,0,33.4
2021-07-26,2998.13,ST001,0,28.0
2021-07-27,3021.51,ST001,0,30.3
2021-07-28,3191.14,ST001,0,31.4
2021-07-29,3214.4,ST001,0,23.8
2021-07-30,3236.79,ST001,0,25.4
2021-07-31,3150.06,ST001,0,31.5
2021-08-01,3206.69,ST001,1,29.5
2021-08-02,2807.04,ST001,0,23.6
2021-08-03,2851.89,ST001,0,26.8
2021-08-04,3161.54,ST001,1,25.8
2021-08-05,3380.98,ST001,0,27.4
2021-08-06,3238.69,ST001,1,33.3
2021-08-07,3161.72,ST001,0,27.0
2021-08-08,3160.43,ST001,0,34.6
2021-08-09,2775.95,ST001,0,27.7
2021-08-10,2920.77,ST001,0,26.2
2021-08-11,3093.03,ST001,0,32.9
2021-08-12,2900.96,ST001,0,31.0
2021-08-13,3114.38,ST001,0,32.2
2021-08-14,3064.88,ST001,0,33.7
2021-08-15,2965.95,ST001,0,31.0
2021-08-16,2622.09,ST001,0,31.4
2021-08-17,2725.3,ST001,0,22.5
2021-08-18,2936.49,ST001,0,25.1
2021-08-19,3203.12,ST001,0,28.7
2021-08-20,3232.41,ST001,0,27.9
2021-08-21,3130.63,ST001,1,29.3
2021-08-22,3117.45,ST001,0,25.6
2021-08-23,2709.37,ST001,0,30.1
2021-08-24,2635.4,ST001,0,32.7
2021-08-25,3009.81,ST001,0,28.3
2021-08-26,3113.89,ST001,1,28.9
2021-08-27,2954.07,ST001,0,27.8
2021-08-28,3118.25,ST001,0,28.9
2021-08-29,3011.48,ST001,0,26.6
2021-08-30,2594.13,ST001,0,24.3
2021-08-31,2633.53,ST001,0,26.3
2021-09-01,2918.85,ST001,1,25.8
2021-09-02,2991.13,ST001,1,20.8
2021-09-03,2911.53,ST001,0,25.9
2021-09-04,3142.35,ST001,1,25.1
2021-09-05,3086.72,ST001,0,25.5
2021-09-06,2591.36,ST001,0,23.1
2021-09-07,2820.65,ST001,0,25.9
2021-09-08,2994.19,ST001,0,26.2
2021-09-09,3040.03,ST001,0,22.1
2021-09-10,3012.54,ST001,0,24.9
2021-09-11,2937.69,ST001,0,26.1
2021-09-12,2924.83,ST001,0,25.8
2021-09-13,2806.24,ST001,0,20.7
2021-09-14,2778.36,ST001,0,20.2
2021-09-15,2768.52,ST001,0,23.1
2021-09-16,2974.31,ST001,0,19.7
2021-09-17,2981.94,ST001,0,30.1
2021-09-18,2966.76,ST001,1,20.0
2021-09-19,2727.06,ST001,0,19.9
2021-09-20,2698.8,ST001,0,23.9
2021-09-21,2497.94,ST001,0,20.4
2021-09-22,2837.53,ST001,0,14.7
2021-09-23,2851.11,ST001,0,21.0
2021-09-24,2657.21,ST001,0,18.3
2021-09-25,3005.77,ST001,1,19.4
2021-09-26,2772.81,ST001,0,16.0
2021-09-27,2346.29,ST001,0,17.9
2021-09-28,2647.27,ST001,0,19.8
2021-09-29,2680.44,ST001,0,19.9
2021-09-30,2589.47,ST001,1,16.6
2021-10-01,2658.75,ST001,1,17.5
2021-10-02,2846.8,ST001,0,16.9
2021-10-03,2750.82,ST001,0,19.7
2021-10-04,2439.39,ST001,0,18.6
2021-10-05,2532.81,ST001,0,15.1
2021-10-06,2726.6,ST001,0,20.5
2021-10-07,2722.8,ST001,0,16.3
2021-10-08,2811.5,ST001,0,19.3
2021-10-09,2781.95,ST001,0,15.2
2021-10-10,2661.32,ST001,0,18.6
2021-10-11,2429.08,ST001,0,17.2
2021-10-12,2360.3,ST001,0,17.5
2021-10-13,2545.99,ST001,0,18.6
2021-10-14,2863.63,ST001,0,18.2
2021-10-15,2668.79,ST001,0,17.2
2021-10-16,2684.79,ST001,0,17.0
2021-10-17,2617.25,ST001,0,12.5
2021-10-18,2267.75,ST001,0,15.9
2021-10-19,2458.82,ST001,0,9.4
2021-10-20,2502.83,ST001,0,9.0
2021-10-21,2678.41,ST001,0,14.5
2021-10-22,2411.43,ST001,1,14.6
2021-10-23,2815.87,ST001,0,19.5
2021-10-24,2477.39,ST001,0,16.8
2021-10-25,2101.48,ST001,0,17.9
2021-10-26,2358.82,ST001,0,13.6
2021-10-27,2491.12,ST001,0,15.6
2021-10-28,2621.27,ST001,0,17.5
2021-10-29,2416.07,ST001,0,15.5
2021-10-30,2670.9,ST001,0,14.8
2021-10-31,2890.77,ST001,0,13.8
2021-11-01,2093.79,ST001,1,10.6
2021-11-02,2380.29,ST001,0,10.5
2021-11-03,2458.14,ST001,0,8.7
2021-11-04,2586.79,ST001,0,14.0
2021-11-05,2304.56,ST001,0,11.8
2021-11-06,2463.11,ST001,0,10.4
2021-11-07,2506.03,ST001,0,13.3
2021-11-08,2194.27,ST001,1,10.4
2021-11-09,2487.85,ST001,0,15.0
2021-11-10,2380.4,ST001,1,17.4
2021-11-11,2551.21,ST001,0,12.9
2021-11-12,2791.53,ST001,0,9.3
2021-11-13,2473.56,ST001,0,6.8
2021-11-14,2324.93,ST001,0,17.0
2021-11-15,2164.36,ST001,0,12.2
2021-11-16,2273.66,ST001,0,7.2
2021-11-17,2522.25,ST001,0,13.7
2021-11-18,2518.61,ST001,0,5.4
2021-11-19,2361.08,ST001,0,8.9
2021-11-20,2555.16,ST001,0,9.4
2021-11-21,2689.64,ST001,0,8.8
2021-11-22,2284.09,ST001,0,6.4
2021-11-23,1949.42,ST001,0,16.7
2021-11-24,2391.6,ST001,1,8.3
2021-11-25,3736.88,ST001,0,10.5
2021-11-26,2492.51,ST001,0,9.3
2021-11-27,2493.55,ST001,0,4.3
2021-11-28,2593.67,ST001,0,7.3
2021-11-29,2229.29,ST001,0,9.4
2021-11-30,2337.05,ST001,0,11.4
2021-12-01,2412.4,ST001,1,7.5
2021-12-02,,ST001,0,9.5
2021-12-03,2448.14,ST001,1,7.3
2021-12-04,2642.77,ST001,0,9.9
2021-12-05,2428.56,ST001,0,0.7
2021-12-06,2077.96,ST001,0,9.7
2021-12-07,2370.13,ST001,1,6.0
2021-12-08,2404.8,ST001,0,6.0
2021-12-09,2453.09,ST001,0,-0.9
2021-12-10,2317.56,ST001,0,4.3
2021-12-11,2432.97,ST001,0,9.2
2021-12-12,2295.81,ST001,0,14.2
2021-12-13,1806.48,ST001,0,5.1
2021-12-14,2339.84,ST001,0,5.2
2021-12-15,2445.17,ST001,0,8.5
2021-12-16,2438.32,ST001,0,7.8
2021-12-17,2520.99,ST001,0,5.1
2021-12-18,2545.81,ST001,0,6.3
2021-12-19,2410.12,ST001,1,5.6
2021-12-20,2745.96,ST001,0,8.5
2021-12-21,3377.98,ST001,0,9.0
2021-12-22,3978.1,ST001,0,11.8
2021-12-23,4536.73,ST001,0,9.2
2021-12-24,4777.23,ST001,0,8.4
2021-12-25,1584.41,ST001,0,6.8
2021-12-26,2252.48,ST001,0,9.1
2021-12-27,1888.53,ST001,0,3.3
2021-12-28,2309.53,ST001,0,12.7
2021-12-29,2406.84,ST001,0,7.0
2021-12-30,2590.86,ST001,1,10.4
2021-12-31,2417.33,ST001,0,3.8
2022-01-01,1829.18,ST001,1,9.2
2022-01-02,2233.77,ST001,0,7.3
2022-01-03,2199.13,ST001,0,5.5
2022-01-04,2218.47,ST001,0,4.0
2022-01-05,2463.98,ST001,0,3.4
2022-01-06,2558.25,ST001,0,11.4
2022-01-07,2442.06,ST001,1,9.6
2022-01-08,2584.68,ST001,0,6.3
2022-01-09,2423.13,ST001,0,6.6
2022-01-10,2260.25,ST001,1,3.8
2022-01-11,2350.51,ST001,0,0.5
2022-01-12,2394.22,ST001,0,0.7
2022-01-13,2472.99,ST001,0,4.2
2022-01-14,2677.72,ST001,0,5.6
2022-01-15,2570.61,ST001,0,2.6
2022-01-16,2566.67,ST001,0,8.5
2022-01-17,2253.94,ST001,0,7.7
2022-01-18,2268.18,ST001,0,6.6
2022-01-19,2407.91,ST001,0,0.9
2022-01-20,2587.71,ST001,0,5.6
2022-01-21,2551.93,ST001,0,6.2
2022-01-22,2688.1,ST001,0,2.5
2022-01-23,2357.88,ST001,1,-0.2
2022-01-24,2185.85,ST001,0,12.1
2022-01-25,2361.31,ST001,0,8.3
2022-01-26,2708.8,ST001,1,5.4
2022-01-27,2358.19,ST001,0,11.4
2022-01-28,2616.2,ST001,0,10.0
2022-01-29,2606.19,ST001,0,8.1
2022-01-30,2590.64,ST001,0,7.5
2022-01-31,2243.94,ST001,0,9.2
2022-02-01,2459.48,ST001,1,11.3
2022-02-02,2753.29,ST001,0,7.2
2022-02-03,2706.05,ST001,0,6.4
2022-02-04,,ST001,0,8.9
2022-02-05,2757.49,ST001,0,-1.1
2022-02-06,2512.31,ST001,0,7.7
2022-02-07,2410.21,ST001,0,6.3
2022-02-08,2449.64,ST001,0,7.5
2022-02-09,2545.81,ST001,0,7.1
2022-02-10,2717.5,ST001,1,8.8
2022-02-11,2648.34,ST001,0,8.2
2022-02-12,2855.42,ST001,0,8.2
2022-02-13,2646.88,ST001,0,7.7
2022-02-14,2349.66,ST001,0,9.6
2022-02-15,2690.78,ST001,0,6.9
2022-02-16,2802.53,ST001,0,11.5
2022-02-17,2920.75,ST001,0,3.6
2022-02-18,2800.14,ST001,0,9.4
2022-02-19,2821.01,ST001,0,10.3
2022-02-20,2666.61,ST001,0,5.2
2022-02-21,2438.86,ST001,0,7.9
2022-02-22,2697.11,ST001,0,13.3
2022-02-23,2768.89,ST001,0,9.1
2022-02-24,2681.25,ST001,0,7.0
2022-02-25,2792.78,ST001,1,0.8
2022-02-26,2741.58,ST001,0,10.9
2022-02-27,2795.69,ST001,0,10.4
2022-02-28,2402.35,ST001,0,12.0
2022-03-01,2519.45,ST001,1,16.5
2022-03-02,2835.65,ST001,0,10.5
2022-03-03,2902.19,ST001,0,11.1
2022-03-04,2681.1,ST001,0,8.8
2022-03-05,3046.83,ST001,0,10.8
2022-03-06,3082.91,ST001,0,11.1
2022-03-07,2439.67,ST001,0,13.6
2022-03-08,2926.83,ST001,0,13.2
2022-03-09,2815.41,ST001,0,9.4
2022-03-10,2925.17,ST001,1,10.5
2022-03-11,2913.2,ST001,0,16.2
2022-03-12,2874.77,ST001,0,9.4
2022-03-13,3057.32,ST001,1,14.7
2022-03-14,2726.47,ST001,0,17.5
2022-03-15,2713.82,ST001,0,14.8
2022-03-16,2930.59,ST001,0,13.8
2022-03-17,2882.88,ST001,0,17.3
2022-03-18,2964.91,ST001,0,14.4
2022-03-19,3207.13,ST001,1,13.5
2022-03-20,2796.22,ST001,0,13.1
2022-03-21,2694.85,ST001,0,17.4
2022-03-22,2883.24,ST001,0,16.2
2022-03-23,3147.03,ST001,0,19.0
2022-03-24,3268.77,ST001,0,13.5
2022-03-25,3023.53,ST001,1,13.8
2022-03-26,3093.36,ST001,0,13.6
2022-03-27,3105.06,ST001,0,16.0
2022-03-28,2773.43,ST001,1,13.3
2022-03-29,2903.48,ST001,0,18.3
2022-03-30,3220.93,ST001,1,16.8
2022-03-31,3376.5,ST001,0,13.0
2022-04-01,3173.23,ST001,1,7.3
2022-04-02,3223.65,ST001,0,10.9
2022-04-03,3188.19,ST001,0,20.9
2022-04-04,2675.42,ST001,1,16.6
2022-04-05,3005.02,ST001,0,17.4
2022-04-06,3054.68,ST001,0,15.9
2022-04-07,3522.45,ST001,0,18.6
2022-04-08,3291.93,ST001,0,11.8
2022-04-09,3328.8,ST001,1,11.8
2022-04-10,3172.14,ST001,0,13.1
2022-04-11,2674.25,ST001,1,18.4
2022-04-12,3152.96,ST001,0,20.5
2022-04-13,3417.75,ST001,0,20.0
2022-04-14,3246.26,ST001,0,18.4
2022-04-15,3354.32,ST001,1,15.2
2022-04-16,3458.77,ST001,0,21.6
2022-04-17,3088.84,ST001,0,18.6
2022-04-18,3119.01,ST001,0,19.6
2022-04-19,3288.31,ST001,0,19.6
2022-04-20,3327.92,ST001,0,18.6
2022-04-21,3383.26,ST001,0,18.1
2022-04-22,3429.11,ST001,0,18.7
2022-04-23,3272.57,ST001,1,16.8
2022-04-24,3331.63,ST001,0,21.6
2022-04-25,3193.75,ST001,0,20.5
2022-04-26,3063.74,ST001,0,24.3
2022-04-27,3472.51,ST001,0,16.0
2022-04-28,3404.16,ST001,0,25.2
2022-04-29,3172.88,ST001,1,21.6
2022-04-30,3489.14,ST001,0,21.5
2022-05-01,3272.53,ST001,1,19.8
2022-05-02,3170.3,ST001,0,20.0
2022-05-03,3128.22,ST001,1,18.1
2022-05-04,3534.92,ST001,0,25.5
2022-05-05,3424.25,ST001,1,22.4
2022-05-06,3495.61,ST001,0,25.3
2022-05-07,3489.35,ST001,0,25.8
2022-05-08,3397.1,ST001,0,22.1
2022-05-09,3318.7,ST001,0,23.0
2022-05-10,3332.49,ST001,0,22.9
2022-05-11,3426.81,ST001,0,27.2
2022-05-12,3417.94,ST001,0,24.7
2022-05-13,3633.29,ST001,0,25.0
2022-05-14,3683.76,ST001,1,26.8
2022-05-15,3444.34,ST001,0,24.6
2022-05-16,3261.16,ST001,0,31.1
2022-05-17,3241.5,ST001,0,22.3
2022-05-18,3403.71,ST001,0,29.1
2022-05-19,3508.93,ST001,0,29.7
2022-05-20,3587.89,ST001,0,22.2
2022-05-21,3678.11,ST001,0,28.4
2022-05-22,3439.78,ST001,0,26.8
2022-05-23,3356.15,ST001,0,28.7
2022-05-24,3480.74,ST001,1,22.6
2022-05-25,3573.1,ST001,0,27.1
2022-05-26,3751.82,ST001,0,23.6
2022-05-27,3554.24,ST001,0,25.7
2022-05-28,3669.02,ST001,0,31.1
2022-05-29,3608.69,ST001,0,26.6
2022-05-30,3305.18,ST001,0,20.3
2022-05-31,3514.7,ST001,0,23.0
2022-06-01,3448.24,ST001,1,23.9
2022-06-02,3825.39,ST001,0,30.5
2022-06-03,3529.86,ST001,0,25.5
2022-06-04,3692.26,ST001,0,23.1
2022-06-05,3433.06,ST001,1,31.2
2022-06-06,3401.84,ST001,0,28.7
2022-06-07,3593.35,ST001,1,29.1
2022-06-08,3728.67,ST001,0,25.8
2022-06-09,3784.0,ST001,0,32.6
2022-06-10,3467.24,ST001,0,28.0
2022-06-11,3646.03,ST001,1,22.6
2022-06-12,3554.34,ST001,1,25.2
2022-06-13,3252.57,ST001,0,26.2
2022-06-14,3595.23,ST001,0,28.3
2022-06-15,3648.59,ST001,1,31.2
2022-06-16,3706.02,ST001,1,26.8
2022-06-17,3707.47,ST001,0,27.2
2022-06-18,3641.62,ST001,0,35.7
2022-06-19,3518.47,ST001,0,29.5
2022-06-20,3270.52,ST001,0,27.7
2022-06-21,3537.49,ST001,0,29.4
2022-06-22,3675.81,ST001,0,25.7
2022-06-23,3781.16,ST001,0,31.1
2022-06-24,3780.24,ST001,0,32.4
2022-06-25,3603.7,ST001,0,27.8
2022-06-26,3562.35,ST001,0,32.6
2022-06-27,3388.26,ST001,0,28.8
2022-06-28,3337.86,ST001,0,30.6
2022-06-29,3582.09,ST001,0,27.6
2022-06-30,3830.44,ST001,0,27.4
2022-07-01,3783.17,ST001,1,25.4
2022-07-02,3870.63,ST001,0,30.5
2022-07-03,3626.86,ST001,1,29.1
2022-07-04,3345.77,ST001,1,29.2
2022-07-05,3600.97,ST001,0,26.6
2022-07-06,3594.58,ST001,0,26.5
2022-07-07,3749.99,ST001,0,28.1
2022-07-08,3800.5,ST001,0,31.4
2022-07-09,3703.56,ST001,0,30.9
2022-07-10,3545.73,ST001,0,28.0
2022-07-11,3357.78,ST001,0,30.9
2022-07-12,3536.74,ST001,0,35.3
2022-07-13,3676.32,ST001,1,30.3
2022-07-14,3716.59,ST001,0,36.0
2022-07-15,3701.57,ST001,0,31.3
2022-07-16,3552.68,ST001,0,33.9
2022-07-17,3502.02,ST001,0,28.3
2022-07-18,3359.43,ST001,0,33.4
2022-07-19,3350.45,ST001,0,26.3
2022-07-20,3456.37,ST001,0,30.6
2022-07-21,3546.33,ST001,0,28.8
2022-07-22,3518.15,ST001,0,23.8
2022-07-23,3686.84,ST001,0,25.6
2022-07-24,3460.95,ST001,0,33.1
2022-07-25,3343.28,ST001,0,31.1
2022-07-26,3614.23,ST001,0,33.4
2022-07-27,3561.85,ST001,0,30.1
2022-07-28,3792.63,ST001,0,20.7
2022-07-29,3623.22,ST001,0,30.1
2022-07-30,3554.75,ST001,0,27.6
2022-07-31,3515.82,ST001,1,27.7
2022-08-01,3179.17,ST001,1,27.8
2022-08-02,3481.0,ST001,0,26.8
2022-08-03,3419.3,ST001,0,26.1
2022-08-04,3765.13,ST001,1,32.6
2022-08-05,3621.51,ST001,0,30.2
2022-08-06,3421.09,ST001,0,26.8
2022-08-07,3595.13,ST001,0,27.4
2022-08-08,3422.06,ST001,0,31.5
2022-08-09,3272.87,ST001,0,29.6
2022-08-10,3617.07,ST001,0,28.9
2022-08-11,3383.64,ST001,0,24.6
2022-08-12,3546.74,ST001,0,26.8
2022-08-13,3421.18,ST001,0,24.6
2022-08-14,3521.62,ST001,1,22.1
2022-08-15,3013.57,ST001,0,30.5
2022-08-16,3028.56,ST001,0,26.7
2022-08-17,3509.97,ST001,0,26.3
2022-08-18,3790.2,ST001,1,24.5
2022-08-19,3409.93,ST001,0,29.5
2022-08-20,3651.11,ST001,0,33.4
2022-08-21,3435.99,ST001,0,28.8
2022-08-22,3129.35,ST001,1,29.7
2022-08-23,3340.01,ST001,0,23.0
2022-08-24,3600.66,ST001,0,27.1
2022-08-25,3355.74,ST001,0,27.1
2022-08-26,3490.05,ST001,0,30.8
2022-08-27,3549.82,ST001,0,26.2
2022-08-28,3218.73,ST001,0,23.2
2022-08-29,3293.69,ST001,0,25.6
2022-08-30,3437.44,ST001,0,24.4
2022-08-31,3265.46,ST001,0,29.9
2022-09-01,3632.64,ST001,1,27.4
2022-09-02,3383.67,ST001,0,26.2
2022-09-03,3443.01,ST001,0,25.6
2022-09-04,3489.54,ST001,0,27.4
2022-09-05,3089.5,ST001,0,23.2
2022-09-06,3206.65,ST001,0,21.8
2022-09-07,3485.0,ST001,0,18.7
2022-09-08,3530.68,ST001,0,27.7
2022-09-09,3422.98,ST001,0,25.5
2022-09-10,3253.89,ST001,0,25.7
2022-09-11,3097.96,ST001,0,23.7
2022-09-12,3134.91,ST001,0,28.4
2022-09-13,3015.52,ST001,0,20.3
2022-09-14,3280.56,ST001,1,26.7
2022-09-15,3216.85,ST001,0,20.3
2022-09-16,3250.41,ST001,0,21.3
2022-09-17,3213.06,ST001,0,18.8
2022-09-18,3395.9,ST001,0,22.6
2022-09-19,2844.53,ST001,0,21.2
2022-09-20,3049.55,ST001,0,23.2
2022-09-21,3188.99,ST001,0,19.9
2022-09-22,3413.1,ST001,0,17.3
2022-09-23,3059.85,ST001,0,23.0
2022-09-24,3295.48,ST001,0,25.0
2022-09-25,3139.03,ST001,0,23.1
2022-09-26,2960.41,ST001,0,20.5
2022-09-27,3060.47,ST001,0,21.7
2022-09-28,3104.34,ST001,0,15.2
2022-09-29,3252.55,ST001,0,19.1
2022-09-30,3120.72,ST001,0,23.4
2022-10-01,3296.67,ST001,1,21.1
2022-10-02,3096.94,ST001,0,16.9
2022-10-03,2776.36,ST001,0,21.8
2022-10-04,2952.06,ST001,0,18.7
2022-10-05,3142.13,ST001,0,21.1
2022-10-06,3422.43,ST001,0,14.4
2022-10-07,3055.13,ST001,0,16.9
2022-10-08,3226.41,ST001,0,19.2
2022-10-09,3216.95,ST001,0,18.9
2022-10-10,2567.97,ST001,0,19.5
2022-10-11,2711.77,ST001,0,17.6
2022-10-12,2920.11,ST001,0,16.8
2022-10-13,3109.72,ST001,0,18.6
2022-10-14,3327.04,ST001,0,19.6
2022-10-15,3185.59,ST001,0,12.3
2022-10-16,3139.17,ST001,0,15.6
2022-10-17,2722.84,ST001,0,15.8
2022-10-18,2583.63,ST001,0,16.7
2022-10-19,2747.96,ST001,0,19.0
2022-10-20,3186.41,ST001,0,11.8
2022-10-21,3031.54,ST001,0,17.2
2022-10-22,2952.78,ST001,0,10.2
2022-10-23,3082.78,ST001,0,12.9
2022-10-24,2532.11,ST001,0,13.4
2022-10-25,2934.1,ST001,0,14.0
2022-10-26,3117.37,ST001,0,12.7
2022-10-27,2946.08,ST001,0,12.8
2022-10-28,2845.76,ST001,1,13.2
2022-10-29,3145.56,ST001,0,13.2
2022-10-30,2797.1,ST001,0,8.3
2022-10-31,2754.56,ST001,0,9.4
2022-11-01,2636.87,ST001,1,12.1
2022-11-02,3006.25,ST001,1,14.8
2022-11-03,3000.92,ST001,0,16.0
2022-11-04,2881.14,ST001,0,21.4
2022-11-05,2915.98,ST001,1,13.0
2022-11-06,2906.27,ST001,0,10.1
2022-11-07,2414.85,ST001,0,12.8
2022-11-08,2702.05,ST001,0,14.1
2022-11-09,2838.67,ST001,0,12.3
2022-11-10,3030.83,ST001,0,8.6
2022-11-11,2757.24,ST001,0,11.3
2022-11-12,3170.21,ST001,0,11.3
2022-11-13,2813.91,ST001,0,7.0
2022-11-14,2466.73,ST001,0,7.4
2022-11-15,2854.61,ST001,0,14.5
2022-11-16,3035.76,ST001,0,4.1
2022-11-17,2907.02,ST001,0,11.1
2022-11-18,2769.49,ST001,0,9.6
2022-11-19,2956.72,ST001,1,14.4
2022-11-20,2746.37,ST001,0,11.9
2022-11-21,2532.65,ST001,0,7.3
2022-11-22,2849.53,ST001,0,13.5
2022-11-23,2872.84,ST001,0,7.9
2022-11-24,2921.5,ST001,0,15.4
2022-11-25,4234.35,ST001,0,14.3
2022-11-26,2928.31,ST001,0,8.9
2022-11-27,2895.6,ST001,0,11.4
2022-11-28,2645.38,ST001,0,9.5
2022-11-29,2620.1,ST001,0,6.1
2022-11-30,2824.94,ST001,0,11.8
2022-12-01,3155.65,ST001,1,9.8
2022-12-02,2878.31,ST001,0,10.9
2022-12-03,2900.92,ST001,0,11.5
2022-12-04,3016.17,ST001,0,12.4
2022-12-05,2538.39,ST001,0,11.1
2022-12-06,2529.79,ST001,0,7.7
2022-12-07,2878.35,ST001,0,8.1
2022-12-08,2782.97,ST001,0,8.9
2022-12-09,2770.09,ST001,1,7.3
2022-12-10,2951.15,ST001,0,6.8
2022-12-11,2771.7,ST001,0,13.0
2022-12-12,2449.37,ST001,0,8.8
2022-12-13,2586.94,ST001,0,12.9
2022-12-14,2736.99,ST001,0,4.9
2022-12-15,3009.42,ST001,0,6.9
2022-12-16,2745.73,ST001,0,5.7
2022-12-17,2853.63,ST001,0,5.7
2022-12-18,3012.26,ST001,0,6.0
2022-12-19,2475.91,ST001,0,6.4
2022-12-20,3715.93,ST001,0,5.4
2022-12-21,4122.62,ST001,0,12.0
2022-12-22,4401.04,ST001,0,8.6
2022-12-23,4566.68,ST001,0,4.3
2022-12-24,5135.27,ST001,0,4.8
2022-12-25,1791.97,ST001,0,8.6
2022-12-26,2654.3,ST001,0,7.9
2022-12-27,2672.1,ST001,0,4.5
2022-12-28,2953.56,ST001,0,9.0
2022-12-29,3055.02,ST001,0,1.9
2022-12-30,2732.14,ST001,0,4.8
2022-12-31,3099.06,ST001,0,11.3
2023-01-01,2114.62,ST001,1,-1.6
2023-01-02,2504.12,ST001,0,5.5
2023-01-03,2648.71,ST001,0,9.0
2023-01-04,3048.22,ST001,0,5.6
2023-01-05,3032.01,ST001,0,3.7
2023-01-06,2674.07,ST001,0,3.4
2023-01-07,2974.77,ST001,0,-0.2
2023-01-08,2824.86,ST001,0,2.1
2023-01-09,2572.89,ST001,0,6.2
2023-01-10,2654.2,ST001,0,4.3
2023-01-11,2709.41,ST001,0,6.0
2023-01-12,3047.48,ST001,0,5.6
2023-01-13,2797.44,ST001,0,6.9
2023-01-14,2955.84,ST001,0,1.1
2023-01-15,2805.93,ST001,0,5.1
2023-01-16,2545.09,ST001,0,5.1
2023-01-17,2826.33,ST001,0,5.2
2023-01-18,2946.72,ST001,0,3.5
2023-01-19,2914.42,ST001,0,-0.3
2023-01-20,2833.72,ST001,0,8.1
2023-01-21,2982.7,ST001,0,8.7
2023-01-22,3017.31,ST001,0,13.3
2023-01-23,2678.68,ST001,0,8.5
2023-01-24,2810.81,ST001,0,11.3
2023-01-25,2909.92,ST001,0,8.2
2023-01-26,3002.63,ST001,0,5.4
2023-01-27,3004.78,ST001,0,8.1
2023-01-28,2875.76,ST001,1,3.2
2023-01-29,3133.34,ST001,0,7.4
2023-01-30,2624.12,ST001,0,6.5
2023-01-31,2769.45,ST001,0,3.7
2023-02-01,3140.89,ST001,1,10.6
2023-02-02,3103.93,ST001,0,10.3
2023-02-03,3034.87,ST001,0,8.5
2023-02-04,3064.46,ST001,0,9.6
2023-02-05,2835.16,ST001,0,12.2
2023-02-06,2782.77,ST001,0,7.0
2023-02-07,3015.87,ST001,0,3.5
2023-02-08,2947.87,ST001,0,4.8
2023-02-09,3283.28,ST001,0,9.8
2023-02-10,2960.9,ST001,0,8.5
2023-02-11,3103.24,ST001,0,3.5
2023-02-12,3118.59,ST001,1,12.0
2023-02-13,2819.17,ST001,1,8.8
2023-02-14,3017.81,ST001,0,13.1
2023-02-15,3023.31,ST001,0,11.8
2023-02-16,3078.6,ST001,0,7.2
2023-02-17,2938.85,ST001,0,8.9
2023-02-18,3111.53,ST001,0,6.6
2023-02-19,3005.12,ST001,0,6.4
2023-02-20,2723.33,ST001,0,8.2
2023-02-21,3037.43,ST001,0,10.7
2023-02-22,3094.11,ST001,0,13.4
2023-02-23,3036.15,ST001,0,6.8
2023-02-24,3480.7,ST001,0,11.7
2023-02-25,3215.88,ST001,0,9.9
2023-02-26,3049.65,ST001,0,9.3
2023-02-27,3081.4,ST001,0,13.5
2023-02-28,3196.88,ST001,0,9.2
2023-03-01,3106.11,ST001,1,14.5
2023-03-02,3158.75,ST001,0,9.6
2023-03-03,3163.94,ST001,0,8.0
2023-03-04,3498.78,ST001,1,13.2
2023-03-05,3220.7,ST001,0,6.8
2023-03-06,2923.59,ST001,1,7.7
2023-03-07,3133.41,ST001,0,10.9
2023-03-08,3433.38,ST001,0,11.6
2023-03-09,3236.5,ST001,0,11.0
2023-03-10,3300.46,ST001,1,6.1
2023-03-11,3291.34,ST001,0,8.2
2023-03-12,3563.1,ST001,0,13.9
2023-03-13,3282.01,ST001,0,14.1
2023-03-14,3310.81,ST001,0,9.7
2023-03-15,3356.08,ST001,0,13.7
2023-03-16,3531.85,ST001,0,13.7
2023-03-17,3181.6,ST001,0,16.3
2023-03-18,3544.21,ST001,0,11.3
2023-03-19,3247.58,ST001,0,18.0
2023-03-20,3006.76,ST001,0,12.9
2023-03-21,3199.22,ST001,0,18.3
2023-03-22,3402.85,ST001,0,17.0
2023-03-23,3593.17,ST001,0,11.4
2023-03-24,3560.57,ST001,1,13.7
2023-03-25,3613.36,ST001,0,15.7
2023-03-26,3361.33,ST001,1,18.1
2023-03-27,3297.45,ST001,0,11.1
2023-03-28,3334.0,ST001,0,13.9
2023-03-29,3641.68,ST001,0,17.5
2023-03-30,3499.51,ST001,0,17.3
2023-03-31,3249.82,ST001,1,12.9
2023-04-01,3602.18,ST001,1,13.6
2023-04-02,3771.85,ST001,0,17.7
2023-04-03,3344.52,ST001,0,13.6
2023-04-04,3395.58,ST001,0,17.6
2023-04-05,3678.5,ST001,0,19.8
2023-04-06,3724.97,ST001,0,17.3
2023-04-07,3673.51,ST001,0,9.5
2023-04-08,3666.86,ST001,0,21.2
2023-04-09,3612.04,ST001,1,21.3
2023-04-10,3383.23,ST001,0,22.3
2023-04-11,3414.11,ST001,1,20.9
2023-04-12,3525.77,ST001,0,13.5
2023-04-13,3752.09,ST001,0,23.0
2023-04-14,3796.11,ST001,0,20.0
2023-04-15,3860.99,ST001,1,21.9
2023-04-16,3724.04,ST001,0,18.9
2023-04-17,3482.19,ST001,0,18.8
2023-04-18,3834.23,ST001,0,19.0
2023-04-19,3742.15,ST001,0,24.7
2023-04-20,3915.69,ST001,0,21.0
2023-04-21,3968.64,ST001,0,19.8
2023-04-22,3858.91,ST001,0,16.7
2023-04-23,3761.57,ST001,0,22.2
2023-04-24,3603.79,ST001,0,21.0
2023-04-25,3797.32,ST001,0,21.6
2023-04-26,3809.13,ST001,0,24.3
2023-04-27,3901.54,ST001,1,23.7
2023-04-28,3823.3,ST001,0,21.8
2023-04-29,3779.79,ST001,0,22.6
2023-04-30,3914.12,ST001,0,22.4
2023-05-01,3519.25,ST001,1,24.5
2023-05-02,3480.03,ST001,0,24.6
2023-05-03,3815.58,ST001,0,23.2
2023-05-04,3727.7,ST001,0,20.4
2023-05-05,3758.15,ST001,0,25.6
2023-05-06,3969.37,ST001,0,26.0
2023-05-07,3744.24,ST001,1,20.3
2023-05-08,3718.49,ST001,0,24.8
2023-05-09,3560.46,ST001,1,22.7
2023-05-10,3912.69,ST001,0,17.5
2023-05-11,4030.62,ST001,0,24.1
2023-05-12,4080.18,ST001,0,27.2
2023-05-13,4118.63,ST001,0,22.4
2023-05-14,3920.09,ST001,0,22.6
2023-05-15,3657.59,ST001,0,27.9
2023-05-16,3762.81,ST001,0,21.8
2023-05-17,4055.25,ST001,0,22.4
2023-05-18,3942.37,ST001,0,24.4
2023-05-19,4021.28,ST001,1,27.4
2023-05-20,4050.4,ST001,0,27.6
2023-05-21,3963.53,ST001,0,24.3
2023-05-22,3661.58,ST001,0,25.1
2023-05-23,4044.9,ST001,0,26.4
2023-05-24,3897.56,ST001,0,25.2
2023-05-25,4081.38,ST001,0,23.9
2023-05-26,4032.31,ST001,0,23.3
2023-05-27,4164.61,ST001,0,28.9
2023-05-28,4022.65,ST001,0,26.2
2023-05-29,3772.22,ST001,0,35.6
2023-05-30,3952.12,ST001,0,29.0
2023-05-31,3837.39,ST001,0,25.1
2023-06-01,4086.7,ST001,1,27.4
2023-06-02,3897.32,ST001,0,28.6
2023-06-03,4153.34,ST001,0,28.9
2023-06-04,3872.03,ST001,0,29.1
2023-06-05,3647.91,ST001,0,29.3
2023-06-06,3864.42,ST001,0,27.6
2023-06-07,4182.48,ST001,1,30.1
2023-06-08,4174.03,ST001,0,34.8
2023-06-09,4089.51,ST001,0,27.1
2023-06-10,4304.95,ST001,0,27.3
2023-06-11,3919.93,ST001,0,30.7
2023-06-12,3544.11,ST001,0,32.4
2023-06-13,3844.12,ST001,0,31.2
2023-06-14,4016.87,ST001,0,32.5
2023-06-15,4263.86,ST001,0,28.8
2023-06-16,4308.64,ST001,0,28.3
2023-06-17,4019.68,ST001,0,31.1
2023-06-18,4310.71,ST001,0,31.2
2023-06-19,3959.55,ST001,0,34.3
2023-06-20,3995.14,ST001,0,34.0
2023-06-21,4099.03,ST001,0,24.0
2023-06-22,4404.9,ST001,0,31.8
2023-06-23,4091.1,ST001,0,27.5
2023-06-24,4121.68,ST001,0,23.3
2023-06-25,4060.24,ST001,0,30.8
2023-06-26,3642.5,ST001,0,29.2
2023-06-27,3959.4,ST001,1,28.7
2023-06-28,4049.96,ST001,0,25.9
2023-06-29,4176.82,ST001,0,26.8
2023-06-30,4123.21,ST001,0,29.2
2023-07-01,4057.59,ST001,1,25.4
2023-07-02,4188.94,ST001,0,29.6
2023-07-03,3679.63,ST001,0,30.3
2023-07-04,4002.25,ST001,0,29.5
2023-07-05,3882.8,ST001,0,30.9
2023-07-06,4176.3,ST001,0,29.8
2023-07-07,3987.32,ST001,0,26.5
2023-07-08,4171.65,ST001,0,26.9
2023-07-09,3964.36,ST001,1,30.4
2023-07-10,3541.94,ST001,0,32.9
2023-07-11,3771.75,ST001,0,30.5
2023-07-12,4054.41,ST001,0,28.5
2023-07-13,4191.84,ST001,0,30.5
2023-07-14,3902.66,ST001,0,24.6
2023-07-15,3918.92,ST001,1,27.0
2023-07-16,3924.8,ST001,0,28.8
2023-07-17,3742.56,ST001,0,29.7
2023-07-18,3807.42,ST001,0,28.9
2023-07-19,3939.51,ST001,1,29.1
2023-07-20,4197.5,ST001,0,26.3
2023-07-21,4150.28,ST001,0,28.1
2023-07-22,4213.08,ST001,0,30.5
2023-07-23,3895.4,ST001,1,24.2
2023-07-24,3751.1,ST001,0,26.1
2023-07-25,3831.74,ST001,0,28.6
2023-07-26,3846.6,ST001,0,34.0
2023-07-27,4175.14,ST001,0,31.5
2023-07-28,4026.94,ST001,0,34.1
2023-07-29,4050.48,ST001,0,33.4
2023-07-30,4125.97,ST001,0,28.0
2023-07-31,3797.32,ST001,0,29.0
2023-08-01,3916.93,ST001,1,25.7
2023-08-02,4104.5,ST001,0,32.6
2023-08-03,4125.07,ST001,0,31.2
2023-08-04,3845.29,ST001,0,30.7
2023-08-05,4027.44,ST001,0,30.8
2023-08-06,4045.97,ST001,0,30.1
2023-08-07,3593.51,ST001,0,29.3
2023-08-08,3790.84,ST001,0,29.4
2023-08-09,3979.47,ST001,0,32.1
2023-08-10,4167.15,ST001,0,26.0
2023-08-11,4089.07,ST001,0,25.1
2023-08-12,4130.05,ST001,0,28.2
2023-08-13,3875.41,ST001,0,31.5
2023-08-14,3738.32,ST001,0,28.6
2023-08-15,3803.78,ST001,0,27.2
2023-08-16,,ST001,1,30.2
2023-08-17,4115.53,ST001,0,27.9
2023-08-18,3957.57,ST001,0,21.8
2023-08-19,3904.4,ST001,0,24.3
2023-08-20,3990.94,ST001,0,20.9
2023-08-21,3564.76,ST001,1,26.4
2023-08-22,3765.56,ST001,0,25.6
2023-08-23,3680.29,ST001,0,28.1
2023-08-24,3917.49,ST001,0,32.9
2023-08-25,3751.99,ST001,0,24.7
2023-08-26,3832.94,ST001,0,26.4
2023-08-27,3593.36,ST001,0,25.0
2023-08-28,3779.98,ST001,1,17.6
2023-08-29,3634.69,ST001,0,23.6
2023-08-30,3824.67,ST001,1,23.6
2023-08-31,3991.58,ST001,0,26.4
2023-09-01,3792.35,ST001,1,22.9
2023-09-02,3945.73,ST001,0,21.4
2023-09-03,3602.97,ST001,0,26.8
2023-09-04,3514.42,ST001,0,24.7
2023-09-05,3553.92,ST001,0,22.1
2023-09-06,3801.48,ST001,0,22.3
2023-09-07,3837.27,ST001,0,23.5
2023-09-08,3600.71,ST001,0,26.7
2023-09-09,3632.66,ST001,0,28.3
2023-09-10,3587.7,ST001,1,19.9
2023-09-11,3520.55,ST001,0,27.2
2023-09-12,3592.65,ST001,0,23.7
2023-09-13,3737.0,ST001,0,24.4
2023-09-14,3541.28,ST001,0,26.0
2023-09-15,3403.18,ST001,1,20.1
2023-09-16,3713.46,ST001,0,25.3
2023-09-17,3608.31,ST001,0,18.7
2023-09-18,3318.53,ST001,0,21.0
2023-09-19,3530.23,ST001,1,19.6
2023-09-20,3619.09,ST001,0,27.0
2023-09-21,3578.15,ST001,1,26.7
2023-09-22,3547.38,ST001,0,23.9
2023-09-23,3742.97,ST001,1,22.9
2023-09-24,3598.08,ST001,0,19.6
2023-09-25,3321.94,ST001,0,26.2
2023-09-26,3685.9,ST001,0,25.0
2023-09-27,3554.36,ST001,1,23.3
2023-09-28,3667.25,ST001,0,20.1
2023-09-29,3480.15,ST001,0,19.2
2023-09-30,3633.4,ST001,0,19.7
2023-10-01,3593.55,ST001,1,23.8
2023-10-02,3338.45,ST001,0,16.8
2023-10-03,3365.3,ST001,0,19.7
2023-10-04,3573.01,ST001,1,24.1
2023-10-05,3606.62,ST001,0,21.6
2023-10-06,3329.51,ST001,0,24.0
2023-10-07,3259.61,ST001,1,19.8
2023-10-08,3737.32,ST001,0,19.7
2023-10-09,3314.99,ST001,0,22.3
2023-10-10,3324.23,ST001,1,19.9
2023-10-11,3286.6,ST001,1,18.8
2023-10-12,3408.84,ST001,0,16.1
2023-10-13,3634.59,ST001,0,13.0
2023-10-14,3262.58,ST001,0,21.6
2023-10-15,3397.28,ST001,0,15.7
2023-10-16,3269.41,ST001,0,14.5
2023-10-17,3296.93,ST001,1,19.1
2023-10-18,3511.95,ST001,0,13.7
2023-10-19,3486.3,ST001,0,12.1
2023-10-20,3700.79,ST001,0,14.3
2023-10-21,3408.76,ST001,0,15.6
2023-10-22,3236.18,ST001,1,16.4
2023-10-23,3157.66,ST001,0,16.9
2023-10-24,3392.56,ST001,0,18.1
2023-10-25,3377.46,ST001,0,14.6
2023-10-26,3571.39,ST001,0,15.9
2023-10-27,3334.97,ST001,0,14.2
2023-10-28,3347.91,ST001,0,12.5
2023-10-29,3497.09,ST001,0,15.4
2023-10-30,3257.72,ST001,0,15.0
2023-10-31,3362.31,ST001,0,19.3
2023-11-01,3294.42,ST001,1,15.4
2023-11-02,3288.63,ST001,0,11.4
2023-11-03,3225.12,ST001,1,15.0
2023-11-04,3414.68,ST001,0,12.3
2023-11-05,3368.98,ST001,0,17.5
2023-11-06,3103.72,ST001,0,7.6
2023-11-07,2999.17,ST001,0,10.5
2023-11-08,3328.15,ST001,0,10.4
2023-11-09,3382.48,ST001,0,12.5
2023-11-10,3329.28,ST001,0,11.6
2023-11-11,3403.2,ST001,0,7.1
2023-11-12,3249.93,ST001,0,6.1
2023-11-13,3081.02,ST001,0,12.0
2023-11-14,3139.8,ST001,1,15.6
2023-11-15,3301.21,ST001,0,15.4
2023-11-16,3275.14,ST001,0,9.7
2023-11-17,3334.36,ST001,0,12.1
2023-11-18,3364.82,ST001,0,8.0
2023-11-19,3012.7,ST001,1,6.2
2023-11-20,3043.09,ST001,1,13.9
2023-11-21,3071.81,ST001,0,12.1
2023-11-22,3354.27,ST001,0,9.0
2023-11-23,3310.19,ST001,0,8.7
2023-11-24,3258.13,ST001,0,12.4
2023-11-25,4730.21,ST001,0,10.5
2023-11-26,3223.81,ST001,0,8.4
2023-11-27,2921.44,ST001,0,10.1
2023-11-28,2885.31,ST001,0,9.1
2023-11-29,3437.74,ST001,0,7.8
2023-11-30,3138.0,ST001,0,6.7
2023-12-01,3215.74,ST001,1,11.5
2023-12-02,3414.42,ST001,0,7.2
2023-12-03,3253.57,ST001,0,5.0
2023-12-04,3020.68,ST001,0,13.7
2023-12-05,3155.88,ST001,1,11.9
2023-12-06,3363.74,ST001,0,9.7
2023-12-07,3335.13,ST001,0,7.8
2023-12-08,3564.83,ST001,0,8.5
2023-12-09,3223.95,ST001,0,3.5
2023-12-10,3230.67,ST001,0,7.7
2023-12-11,2913.53,ST001,0,8.4
2023-12-12,3007.3,ST001,0,6.9
2023-12-13,3253.43,ST001,0,8.7
2023-12-14,3460.95,ST001,0,5.1
2023-12-15,3166.17,ST001,0,7.8
2023-12-16,3257.47,ST001,0,2.5
2023-12-17,3286.68,ST001,0,7.0
2023-12-18,3015.46,ST001,0,5.2
2023-12-19,3286.09,ST001,0,3.0
2023-12-20,4239.44,ST001,0,5.6
2023-12-21,4501.43,ST001,0,6.8
2023-12-22,4744.76,ST001,0,4.9
2023-12-23,5257.14,ST001,0,9.4
2023-12-24,5356.57,ST001,0,4.5
2023-12-25,1735.4,ST001,1,9.3
2023-12-26,3082.66,ST001,0,8.6
2023-12-27,3219.2,ST001,1,4.6
2023-12-28,3293.76,ST001,0,10.6
2023-12-29,3218.01,ST001,0,2.3
2023-12-30,3544.67,ST001,0,7.9
2023-12-31,3308.81,ST001,0,6.4
2024-01-01,2366.06,ST001,1,8.5
2024-01-02,3033.42,ST001,0,1.6
2024-01-03,3145.55,ST001,0,2.7
2024-01-04,3308.85,ST001,0,3.7
2024-01-05,3313.76,ST001,0,6.2
2024-01-06,3343.51,ST001,0,6.3
2024-01-07,3235.3,ST001,0,6.1
2024-01-08,3113.58,ST001,0,5.3
2024-01-09,3159.03,ST001,0,4.0
2024-01-10,3176.68,ST001,1,2.0
2024-01-11,3320.8,ST001,0,4.8
2024-01-12,3243.52,ST001,1,7.6
2024-01-13,3431.35,ST001,0,9.1
2024-01-14,3158.56,ST001,0,4.6
2024-01-15,3020.11,ST001,0,9.3
2024-01-16,3235.25,ST001,0,2.2
2024-01-17,3322.02,ST001,0,8.4
2024-01-18,3302.26,ST001,0,3.0
2024-01-19,3283.92,ST001,0,6.9
2024-01-20,3461.96,ST001,0,3.5
2024-01-21,3377.89,ST001,0,3.5
2024-01-22,3170.59,ST001,1,4.7
2024-01-23,3182.76,ST001,0,10.6
2024-01-24,3214.56,ST001,0,4.5
2024-01-25,3601.05,ST001,0,8.3
2024-01-26,3426.91,ST001,0,7.0
2024-01-27,3536.27,ST001,1,7.5
2024-01-28,3402.56,ST001,0,7.6
2024-01-29,3009.46,ST001,0,8.6
2024-01-30,3209.55,ST001,0,3.3
2024-01-31,3434.54,ST001,0,7.0
2024-02-01,3605.52,ST001,1,8.0
2024-02-02,3449.23,ST001,0,5.4
2024-02-03,3197.69,ST001,0,8.2
2024-02-04,3392.49,ST001,0,4.2
2024-02-05,3213.26,ST001,0,9.5
2024-02-06,3438.66,ST001,1,5.4
2024-02-07,3536.92,ST001,0,6.7
2024-02-08,3819.04,ST001,0,10.0
2024-02-09,3653.21,ST001,0,10.9
2024-02-10,3743.77,ST001,0,6.2
2024-02-11,3578.1,ST001,1,6.1
2024-02-12,3078.46,ST001,0,11.0
2024-02-13,3446.25,ST001,0,-0.3
2024-02-14,3582.03,ST001,0,12.2
2024-02-15,3545.32,ST001,0,12.2
2024-02-16,3619.77,ST001,1,5.4
2024-02-17,3700.85,ST001,0,12.2
2024-02-18,3483.19,ST001,0,9.9
2024-02-19,3277.5,ST001,1,10.3
2024-02-20,3385.24,ST001,0,2.3
2024-02-21,3603.13,ST001,0,7.8
2024-02-22,3618.72,ST001,0,8.8
2024-02-23,3677.95,ST001,0,8.3
2024-02-24,3507.22,ST001,1,8.5
2024-02-25,3567.12,ST001,0,8.9
2024-02-26,3170.02,ST001,0,1.5
2024-02-27,3425.82,ST001,0,9.5
2024-02-28,3699.82,ST001,0,8.2
2024-02-29,3733.42,ST001,0,10.1
2024-03-01,3671.87,ST001,1,9.1
2024-03-02,3792.15,ST001,0,10.7
2024-03-03,3837.59,ST001,0,11.7
2024-03-04,3300.83,ST001,0,16.3
2024-03-05,3644.11,ST001,0,8.8
2024-03-06,3544.43,ST001,1,16.3
2024-03-07,3747.78,ST001,0,10.9
2024-03-08,3770.49,ST001,0,9.1
2024-03-09,3759.63,ST001,0,7.7
2024-03-10,3756.5,ST001,0,14.6
2024-03-11,3571.9,ST001,0,7.8
2024-03-12,3484.6,ST001,0,15.1
2024-03-13,3771.95,ST001,0,13.7
2024-03-14,3827.62,ST001,0,11.2
2024-03-15,3609.06,ST001,0,11.0
2024-03-16,3902.89,ST001,0,14.6
2024-03-17,3716.46,ST001,0,13.8
2024-03-18,3709.43,ST001,0,15.8
2024-03-19,3590.08,ST001,0,13.8
2024-03-20,4037.96,ST001,1,12.5
2024-03-21,3880.97,ST001,0,15.7
2024-03-22,4106.35,ST001,0,10.8
2024-03-23,4053.47,ST001,0,17.0
2024-03-24,3924.8,ST001,0,14.9
2024-03-25,3721.41,ST001,0,11.7
2024-03-26,3856.26,ST001,0,12.2
2024-03-27,4075.94,ST001,0,14.4
2024-03-28,4200.74,ST001,0,10.2
2024-03-29,3925.41,ST001,0,19.8
2024-03-30,3926.9,ST001,0,18.8
2024-03-31,3651.14,ST001,0,12.9
2024-04-01,3660.19,ST001,1,16.0
2024-04-02,3910.47,ST001,0,21.6
2024-04-03,4032.85,ST001,0,18.0
2024-04-04,4092.26,ST001,1,14.0
2024-04-05,3994.25,ST001,0,10.8
2024-04-06,4063.0,ST001,0,12.6
2024-04-07,3982.56,ST001,0,21.1
2024-04-08,3814.03,ST001,0,18.7
2024-04-09,3700.9,ST001,0,14.1
2024-04-10,4139.26,ST001,1,20.3
2024-04-11,3986.68,ST001,0,17.3
2024-04-12,4082.54,ST001,0,16.6
2024-04-13,4130.42,ST001,0,17.3
2024-04-14,4039.55,ST001,0,17.7
2024-04-15,3722.02,ST001,1,24.2
2024-04-16,3833.49,ST001,1,16.6
2024-04-17,4098.6,ST001,0,18.5
2024-04-18,,ST001,0,23.8
2024-04-19,4434.3,ST001,0,24.5
2024-04-20,4217.69,ST001,0,17.4
2024-04-21,4070.7,ST001,0,26.6
2024-04-22,3838.95,ST001,0,23.9
2024-04-23,3904.31,ST001,0,16.5
2024-04-24,3915.05,ST001,0,26.4
2024-04-25,4244.09,ST001,1,16.9
2024-04-26,4258.17,ST001,0,23.5
2024-04-27,4157.77,ST001,0,18.2
2024-04-28,4202.65,ST001,0,16.6
2024-04-29,3824.9,ST001,1,24.6
2024-04-30,4076.21,ST001,0,23.5
2024-05-01,4282.08,ST001,1,22.2
2024-05-02,4382.3,ST001,0,23.2
2024-05-03,4327.86,ST001,0,22.5
2024-05-04,4301.0,ST001,0,22.2
2024-05-05,4353.42,ST001,0,20.0
2024-05-06,3962.52,ST001,0,25.1
2024-05-07,4171.72,ST001,1,23.6
2024-05-08,4372.41,ST001,0,23.0
2024-05-09,4347.01,ST001,0,22.2
2024-05-10,4189.49,ST001,0,23.3
2024-05-11,4495.96,ST001,0,19.8
2024-05-12,4182.92,ST001,0,23.5
2024-05-13,3962.18,ST001,0,21.7
2024-05-14,4059.5,ST001,0,28.6
2024-05-15,4434.32,ST001,0,22.1
2024-05-16,4408.39,ST001,0,23.8
2024-05-17,4128.45,ST001,0,25.4
2024-05-18,4553.45,ST001,0,27.8
2024-05-19,4576.87,ST001,0,27.0
2024-05-20,4300.57,ST001,0,25.8
2024-05-21,4159.77,ST001,1,32.4
2024-05-22,4390.67,ST001,0,26.0
2024-05-23,4521.92,ST001,0,27.2
2024-05-24,4512.74,ST001,0,34.5
2024-05-25,4514.15,ST001,0,23.9
2024-05-26,4265.42,ST001,0,29.6
2024-05-27,4221.36,ST001,0,28.1
2024-05-28,4324.73,ST001,0,23.0
2024-05-29,4269.63,ST001,0,25.2
2024-05-30,4458.39,ST001,0,29.7
2024-05-31,4475.89,ST001,0,23.1
2024-06-01,4540.85,ST001,1,26.9
2024-06-02,4473.33,ST001,0,30.4
2024-06-03,4254.67,ST001,0,27.0
2024-06-04,4344.44,ST001,0,28.7
2024-06-05,4430.13,ST001,0,26.0
2024-06-06,4376.14,ST001,0,26.2
2024-06-07,4538.75,ST001,0,26.4
2024-06-08,4718.98,ST001,0,27.3
2024-06-09,4655.61,ST001,0,30.3
2024-06-10,4185.08,ST001,0,28.7
2024-06-11,4301.45,ST001,1,34.5
2024-06-12,4621.35,ST001,0,30.3
2024-06-13,4701.22,ST001,0,29.6
2024-06-14,4525.82,ST001,0,35.6
2024-06-15,4659.5,ST001,0,28.6
2024-06-16,4369.71,ST001,1,26.7
2024-06-17,4267.1,ST001,0,29.6
2024-06-18,4227.53,ST001,0,26.0
2024-06-19,4458.22,ST001,0,30.8
2024-06-20,4540.27,ST001,1,33.4
2024-06-21,4446.59,ST001,0,31.3
2024-06-22,4357.54,ST001,0,28.3
2024-06-23,4370.24,ST001,1,29.1
2024-06-24,4246.11,ST001,0,31.0
2024-06-25,4317.25,ST001,0,33.2
2024-06-26,4435.36,ST001,0,28.5
2024-06-27,4604.39,ST001,0,28.5
2024-06-28,4576.27,ST001,1,33.0
2024-06-29,4684.36,ST001,0,30.5
2024-06-30,4372.52,ST001,0,30.9
2024-07-01,4210.87,ST001,1,31.3
2024-07-02,4285.15,ST001,0,27.6
2024-07-03,4378.91,ST001,1,29.5
2024-07-04,4388.37,ST001,0,33.1
2024-07-05,4484.4,ST001,1,29.5
2024-07-06,4488.74,ST001,0,29.4
2024-07-07,4690.83,ST001,0,30.9
2024-07-08,4189.31,ST001,0,31.2
2024-07-09,4287.85,ST001,0,37.6
2024-07-10,4421.42,ST001,0,27.6
2024-07-11,4747.96,ST001,0,30.4
2024-07-12,4379.25,ST001,0,36.0
2024-07-13,4553.69,ST001,0,30.1
2024-07-14,4354.92,ST001,0,31.1
2024-07-15,4171.08,ST001,0,25.6
2024-07-16,4292.26,ST001,0,32.8
2024-07-17,4568.7,ST001,0,32.5
2024-07-18,4367.54,ST001,1,32.3
2024-07-19,4461.25,ST001,0,29.3
2024-07-20,4728.94,ST001,0,30.9
2024-07-21,4362.28,ST001,0,29.6
2024-07-22,4143.09,ST001,0,32.3
2024-07-23,4175.51,ST001,0,29.6
2024-07-24,4135.76,ST001,0,32.0
2024-07-25,4486.84,ST001,0,25.6
2024-07-26,4566.99,ST001,0,28.5
2024-07-27,4472.89,ST001,1,21.0
2024-07-28,4187.56,ST001,0,29.0
2024-07-29,4163.37,ST001,1,31.6
2024-07-30,4252.35,ST001,0,28.5
2024-07-31,4503.54,ST001,0,36.2
2024-08-01,4567.38,ST001,1,26.2
2024-08-02,4375.99,ST001,1,28.0
2024-08-03,4535.56,ST001,0,26.2
2024-08-04,4159.16,ST001,0,27.4
2024-08-05,4222.19,ST001,0,27.4
2024-08-06,4228.93,ST001,0,24.3
2024-08-07,4476.93,ST001,1,25.7
2024-08-08,4547.42,ST001,0,34.5
2024-08-09,4336.64,ST001,0,27.6
2024-08-10,4436.94,ST001,0,31.0
2024-08-11,4221.96,ST001,0,24.4
2024-08-12,3832.76,ST001,0,27.7
2024-08-13,4153.65,ST001,0,29.5
2024-08-14,4333.46,ST001,0,27.3
2024-08-15,4269.43,ST001,0,26.2
2024-08-16,4404.26,ST001,0,27.0
2024-08-17,4421.28,ST001,0,27.5
2024-08-18,4324.53,ST001,0,29.8
2024-08-19,3931.25,ST001,0,30.8
2024-08-20,3929.34,ST001,0,23.1
2024-08-21,4356.82,ST001,0,20.8
2024-08-22,4410.21,ST001,0,26.2
2024-08-23,4267.47,ST001,0,26.6
2024-08-24,4317.2,ST001,0,28.6
2024-08-25,4196.73,ST001,0,29.5
2024-08-26,3952.92,ST001,0,24.2
2024-08-27,4019.06,ST001,0,32.2
2024-08-28,4001.19,ST001,0,26.6
2024-08-29,4379.97,ST001,0,20.4
2024-08-30,4065.4,ST001,0,28.4
2024-08-31,4276.78,ST001,0,26.2
2024-09-01,4142.95,ST001,1,26.1
2024-09-02,3945.84,ST001,0,20.3
2024-09-03,3846.34,ST001,1,24.0
2024-09-04,4303.66,ST001,0,25.2
2024-09-05,4314.05,ST001,0,24.1
2024-09-06,4262.5,ST001,0,26.4
2024-09-07,4400.56,ST001,0,27.9
2024-09-08,4036.43,ST001,0,28.6
2024-09-09,3519.6,ST001,0,27.6
2024-09-10,4007.64,ST001,0,23.2
2024-09-11,4262.31,ST001,0,28.6
2024-09-12,4316.69,ST001,0,24.1
2024-09-13,4065.66,ST001,1,25.7
2024-09-14,4197.7,ST001,1,22.2
2024-09-15,4102.17,ST001,1,18.6
2024-09-16,3612.01,ST001,1,15.8
2024-09-17,3843.88,ST001,1,22.9
2024-09-18,3994.04,ST001,0,20.1
2024-09-19,4309.02,ST001,0,21.9
2024-09-20,3998.84,ST001,0,24.4
2024-09-21,4326.45,ST001,0,17.0
2024-09-22,4018.09,ST001,1,16.1
2024-09-23,3572.29,ST001,0,21.9
2024-09-24,4107.13,ST001,0,22.1
2024-09-25,3903.12,ST001,0,20.0
2024-09-26,4148.94,ST001,0,19.0
2024-09-27,4204.4,ST001,0,15.6
2024-09-28,4041.12,ST001,0,19.9
2024-09-29,3827.61,ST001,0,17.7
2024-09-30,3817.66,ST001,0,21.0
2024-10-01,3816.91,ST001,1,22.4
2024-10-02,3821.66,ST001,1,17.7
2024-10-03,3908.72,ST001,0,20.4
2024-10-04,3920.68,ST001,0,19.5
2024-10-05,4153.01,ST001,0,20.8
2024-10-06,3878.64,ST001,0,23.1
2024-10-07,3722.66,ST001,0,20.3
2024-10-08,3939.3,ST001,0,20.2
2024-10-09,4044.39,ST001,0,20.3
2024-10-10,4134.2,ST001,1,16.4
2024-10-11,4047.8,ST001,0,17.5
2024-10-12,3819.14,ST001,0,18.3
2024-10-13,3994.21,ST001,1,20.8
2024-10-14,3636.67,ST001,1,20.7
2024-10-15,3694.09,ST001,0,23.4
2024-10-16,3736.14,ST001,0,13.2
2024-10-17,3752.41,ST001,0,16.1
2024-10-18,3741.67,ST001,0,10.9
2024-10-19,3945.8,ST001,0,14.2
2024-10-20,3682.99,ST001,0,10.7
2024-10-21,3463.79,ST001,0,18.9
2024-10-22,3593.53,ST001,0,17.5
2024-10-23,3882.9,ST001,0,11.8
2024-10-24,3849.42,ST001,0,15.8
2024-10-25,3803.11,ST001,0,16.8
2024-10-26,4049.88,ST001,0,19.6
2024-10-27,3733.37,ST001,0,16.7
2024-10-28,3576.59,ST001,0,14.4
2024-10-29,3502.77,ST001,0,13.6
2024-10-30,3804.15,ST001,0,15.5
2024-10-31,3854.06,ST001,0,14.4
2024-11-01,3798.14,ST001,1,11.9
2024-11-02,3813.09,ST001,0,9.5
2024-11-03,3616.44,ST001,0,16.1
2024-11-04,3439.54,ST001,0,10.6
2024-11-05,3530.15,ST001,0,11.7
2024-11-06,3844.91,ST001,0,14.7
2024-11-07,3904.83,ST001,0,12.0
2024-11-08,3611.45,ST001,0,15.4
2024-11-09,3899.01,ST001,0,8.5
2024-11-10,3643.45,ST001,0,13.9
2024-11-11,3490.2,ST001,0,7.5
2024-11-12,3496.7,ST001,0,6.8
2024-11-13,3538.23,ST001,0,8.0
2024-11-14,3886.49,ST001,0,11.3
2024-11-15,3764.02,ST001,1,8.8
2024-11-16,3666.64,ST001,0,6.5
2024-11-17,3460.5,ST001,0,14.0
2024-11-18,3354.18,ST001,0,7.4
2024-11-19,3393.8,ST001,0,9.8
2024-11-20,3635.13,ST001,0,10.8
2024-11-21,3818.89,ST001,0,8.4
2024-11-22,3852.77,ST001,0,10.8
2024-11-23,3740.05,ST001,0,11.4
2024-11-24,3798.85,ST001,0,9.1
2024-11-25,4870.77,ST001,0,12.4
2024-11-26,3456.73,ST001,0,7.3
2024-11-27,3473.47,ST001,0,5.8
2024-11-28,3827.22,ST001,0,9.4
2024-11-29,3741.96,ST001,0,5.8
2024-11-30,4022.99,ST001,0,9.7
2024-12-01,3790.49,ST001,1,8.1
2024-12-02,3465.63,ST001,0,6.9
2024-12-03,3678.17,ST001,0,9.9
2024-12-04,3530.56,ST001,0,9.7
2024-12-05,3744.72,ST001,0,-0.9
2024-12-06,3635.93,ST001,0,6.9
2024-12-07,3947.88,ST001,0,8.2
2024-12-08,3688.51,ST001,0,9.1
2024-12-09,3037.25,ST001,0,5.9
2024-12-10,3638.52,ST001,0,4.0
2024-12-11,3542.51,ST001,1,7.7
2024-12-12,3806.44,ST001,0,9.3
2024-12-13,3611.95,ST001,0,1.0
2024-12-14,3782.89,ST001,0,2.6
2024-12-15,3697.13,ST001,0,5.2
2024-12-16,3397.16,ST001,0,-0.8
2024-12-17,3385.91,ST001,0,5.0
2024-12-18,3800.33,ST001,0,9.2
2024-12-19,3769.8,ST001,1,3.5
2024-12-20,4569.01,ST001,0,7.0
2024-12-21,5010.91,ST001,0,3.9
2024-12-22,5106.63,ST001,0,7.8
2024-12-23,5482.6,ST001,0,8.4
2024-12-24,5685.98,ST001,0,10.3
2024-12-25,2618.06,ST001,0,6.6
2024-12-26,3776.8,ST001,0,9.4
2024-12-27,,ST001,1,7.4
2024-12-28,3648.63,ST001,0,4.8
2024-12-29,3675.04,ST001,0,10.6
2024-12-30,3440.58,ST001,0,4.3
2024-12-31,3667.02,ST001,0,6.6
